,Open,High,Close
3170,50.06,52.08,50.22
3169,50.79,54.59,54.21
3168,55.44,56.8,54.75
3167,55.68,55.86,52.49
3166,52.53,54.05,53.05
3165,52.53,54.03,54.01
3164,54.1,54.36,53.13
3163,52.8,52.8,51.06
3162,51.21,51.91,51.24
3161,51.4,51.54,50.18
3160,49.59,51.24,50.81
3159,50.53,50.92,50.06
3158,50.56,51.05,50.84
3157,50.42,51.57,51.2
3156,51.3,51.41,51.21
3155,50.85,53.33,52.72
3154,53.37,54.26,53.8
3153,53.77,56.06,55.8
3152,55.34,57.17,56.06
3151,56.23,57.96,57.04
3150,57.27,58.8,58.8
3149,58.53,60.86,59.74
3148,60.16,60.27,58.98
3147,58.78,59.89,59.25
3146,59.48,61.38,60.47
3145,60.55,62.11,59.97
3144,59.84,60.5,59.19
3143,60.64,63.76,63.49
3142,63.33,67.58,65.61
3141,65.01,66.22,64.86
3140,65.47,67.19,66.36
3139,67.98,68.5,67.6
3138,67.4,69.33,69.25
3137,68.9,69.29,68.61
3136,68.35,70.01,69.49
3135,69.43,69.91,68.93
3134,68.57,69.5,67.7
3133,67.31,68.87,68.77
3132,71.73,71.85,70.52
3131,70.58,71.26,71.07
3130,72.55,72.82,72.13
3129,71.67,74.67,74.65
3128,75.33,76.28,74.04
3127,74.04,74.57,70.32
3126,72.14,75.14,74.76
3125,85.3,90.18,86.3
3124,88.23,97.31,93.79
3123,93.32,96.42,90.99
3122,91.24,94.85,93.08
3121,93.41,97.29,96.75
3120,99.53,100.07,95.42
3119,96.85,98.93,98.11
3118,99.46,99.72,97.53
3117,99.19,100.9,95.93
3116,94.22,95.3,92.44
3115,91.09,91.24,84.76
3114,85.55,87.81,86.36
3113,87.14,87.69,84.43
3112,85.42,86.35,84.01
3111,84.65,91.97,91.6
3110,92.71,94.99,91.09
3109,90.32,94.25,92.53
3108,88.84,89.82,86.36
3107,84.59,88.84,86.34
3106,85.29,87.3,83.85
3105,84.61,85.07,84.78
3104,84.41,84.84,82.63
3103,84.04,85.5,83.84
3102,87.51,88.69,87.47
3101,87.99,90.11,89.78
3100,90.22,91.57,90.62
3099,90.44,91.59,91.08
3098,90.98,91.34,90.07
3097,90.04,90.85,89.79
3096,90.09,90.62,90.29
3095,89.65,90.44,88.23
3094,88.09,88.19,85.8
3093,85.37,86.93,85.07
3092,85.21,86.84,86.8
3091,86.8,87.53,85.91
3090,86.1,86.68,85.31
3089,85.59,89.5,89.43
3088,89.08,90.44,89.98
3087,88.7,90.34,88.32
3086,88.47,90.34,90.13
3085,91.09,94.32,92.6
3084,93.23,94.03,91.97
3083,92.04,93.52,93.24
3082,93.82,94.39,94.04
3081,94.67,96.75,96.05
3080,96.15,96.87,96.48
3079,96.08,96.86,96.55
3078,96.58,99.21,98.9
3077,99.71,100.04,96.49
3076,98.8,101.92,101.46
3075,100.77,101.57,97.35
3074,96.82,98.55,96.85
3073,97.72,98.05,94.37
3072,95.42,97.22,97.02
3071,97.35,99.15,97.63
3070,97.91,98.95,96.87
3069,97.26,98.06,97.79
3068,97.79,98.79,97.76
3067,98.1,100.11,100.08
3066,100.55,102.61,102.05
3065,102.42,102.75,98.75
3064,96.39,98.22,97.06
3063,97.32,97.78,94.23
3062,94.44,94.76,90.45
3061,91.19,91.21,88.65
3060,89.72,94.8,94.71
3059,94.47,94.52,94.13
3058,95.11,97.45,95.27
3057,96.94,98.28,97.91
3056,97.29,101.98,96.05
3055,107.88,108.51,103.08
3054,103.1,106.79,105.54
3053,103.34,103.98,102.28
3052,102.73,103.3,98.11
3051,98.58,100.11,99.42
3050,100.48,100.9,95.89
3049,96.08,96.2,94.08
3048,93.42,96.26,93.79
3047,91.52,96.64,96.59
3046,96.9,100.02,97.71
3045,97.45,99.76,99.3
3044,99.01,99.97,99.05
3043,99.35,99.52,99.07
3042,98.35,99.55,95.78
3041,96.75,97.34,97.07
3040,91.78,95.02,94.54
3039,94.67,95.05,93.03
3038,93.09,95.03,94.09
3037,94.74,94.97,93.12
3036,93.07,93.93,92.68
3035,93.16,93.97,93.6
3034,93.44,93.72,93.04
3033,93.98,94.89,94.5
3032,94.64,95.02,92.69
3031,92.2,92.42,90.77
3030,90.6,90.69,90.08
3029,90.31,90.57,88.99
3028,89.25,89.29,87.58
3027,87.74,90.09,89.39
3026,88.44,89.39,87.89
3025,88.65,89.91,89.73
3024,89.49,90.29,90.11
3023,89.72,91.18,90.53
3022,90.68,91.06,89.39
3021,89.07,90.21,89.58
3020,90.44,90.52,89.71
3019,90.93,92.49,90.8
3018,90.62,91.73,89.87
3017,90.41,90.82,90.32
3016,89.06,90.79,90.35
3015,90.97,91.57,90.11
3014,90.06,92.75,92.74
3013,93.96,95.23,94.38
3012,94.71,94.92,94.7
3011,94.48,97.41,96.98
3010,96.94,97.65,96.12
3009,96.64,97.5,96.71
3008,96.6,97.31,97.07
3007,96.83,97.26,96.56
3006,96.73,97.28,95.82
3005,95.15,95.27,92.59
3004,92.38,94.03,93.58
3003,94.76,96.1,95.8
3002,99.39,100.35,99.15
3001,100.31,102.6,102.21
3000,111.56,112.11,108.01
2999,109.02,112.48,111.88
2998,110.22,111.11,109.48
2997,109.1,110.54,110.0
2996,109.86,111.15,109.83
2995,111.07,111.24,110.11
2994,111.14,111.96,111.26
2993,111.04,114.19,113.21
2992,113.73,115.06,114.36
2991,114.42,114.42,113.6
2990,114.31,114.74,114.12
2989,114.11,114.36,113.12
2988,112.85,114.01,114.01
2987,114.6,116.11,115.76
2986,115.52,116.23,114.47
2985,114.7,115.66,114.73
2984,114.95,115.93,115.64
2983,115.4,116.84,116.68
2982,116.92,120.1,119.7
2981,120.29,120.71,119.71
2980,120.73,120.96,120.93
2979,121.7,129.18,127.85
2978,128.61,132.85,128.13
2977,126.49,130.62,130.54
2976,130.61,132.01,129.73
2975,130.36,133.16,133.13
2974,134.85,139.34,138.77
2973,141.74,146.59,144.14
2972,144.51,145.03,144.09
2971,143.54,144.79,140.27
2970,141.34,147.02,145.62
2969,148.7,149.94,146.71
2968,146.57,146.74,139.92
2967,142.5,144.39,143.3
2966,143.64,143.78,141.39
2965,140.05,142.24,141.52
2964,139.43,140.76,139.31
2963,137.64,138.79,137.54
2962,137.27,139.29,138.86
2961,139.6,140.3,140.3
2960,138.18,143.98,143.49
2959,144.18,145.3,144.06
2958,144.98,146.31,144.79
2957,144.14,147.55,145.0
2956,145.6,149.15,148.77
2955,149.6,152.39,152.2
2954,153.29,154.78,151.15
2953,151.4,152.34,146.51
2952,147.32,149.61,147.22
2951,147.67,148.27,145.77
2950,146.2,148.14,148.0
2949,148.8,148.95,145.91
2948,144.84,148.05,147.92
2947,148.27,148.9,148.26
2946,148.35,148.45,146.82
2945,146.84,147.35,146.04
2944,146.4,149.77,149.58
2943,152.82,153.53,150.6
2942,150.77,151.85,150.75
2941,150.15,151.1,149.92
2940,151.2,155.33,155.1
2939,152.94,156.46,156.16
2938,157.18,159.06,157.13
2937,153.34,154.78,151.35
2936,151.35,151.8,148.07
2935,147.65,149.15,148.19
2934,149.02,149.26,148.61
2933,148.85,148.85,146.9
2932,146.22,146.57,144.02
2931,144.2,146.4,145.95
2930,145.95,149.91,149.74
2929,149.15,150.01,148.8
2928,147.92,149.65,149.01
2927,148.9,149.4,146.32
2926,146.95,147.97,145.77
2925,146.13,146.49,145.93
2924,145.8,146.31,142.98
2923,143.09,143.43,142.17
2922,141.82,145.24,145.0
2921,145.04,146.53,142.14
2920,142.58,144.04,142.97
2919,142.9,143.43,142.69
2918,138.09,140.39,140.13
2917,140.64,140.87,140.14
2916,140.76,140.88,137.14
2915,138.22,140.01,139.93
2914,138.92,142.52,141.43
2913,141.42,142.14,141.44
2912,141.88,142.65,141.93
2911,141.26,144.7,144.37
2910,143.84,144.9,143.78
2909,144.26,144.39,143.14
2908,143.1,143.89,143.27
2907,143.4,145.14,144.37
2906,144.64,144.84,143.7
2905,143.09,147.9,147.58
2904,147.56,149.79,147.84
2903,148.79,149.7,149.69
2902,151.03,155.87,155.02
2901,154.65,157.92,156.0
2900,154.52,156.8,151.65
2899,149.91,153.53,151.46
2898,152.16,152.4,150.25
2897,150.65,153.15,152.05
2896,153.23,155.81,154.11
2895,154.36,157.04,156.11
2894,155.91,159.77,155.84
2893,156.66,158.76,157.84
2892,159.91,160.64,157.3
2891,157.63,159.36,157.13
2890,157.27,157.71,153.15
2889,153.49,155.52,154.96
2888,157.27,158.91,158.39
2887,156.97,160.22,159.5
2886,160.13,160.8,155.66
2885,156.5,157.61,155.51
2884,157.23,157.4,156.53
2883,157.55,158.49,156.65
2882,156.81,157.57,155.48
2881,155.46,156.48,153.2
2880,152.75,153.75,150.64
2879,151.15,151.15,148.87
2878,150.1,150.27,148.22
2877,148.9,152.75,152.65
2876,152.63,154.13,151.79
2875,152.15,155.09,154.5
2874,155.15,155.72,151.75
2873,173.07,173.39,170.12
2872,171.86,174.82,174.5
2871,173.06,173.87,173.63
2870,173.31,178.18,177.9
2869,178.48,178.72,176.71
2868,177.81,179.65,179.26
2867,180.3,187.56,186.26
2866,186.12,192.14,189.88
2865,191.04,192.69,190.03
2864,191.4,193.48,193.17
2863,195.18,196.09,195.41
2862,197.75,198.93,197.71
2861,197.32,197.99,195.14
2860,193.53,194.34,189.76
2859,189.37,195.87,195.75
2858,197.76,198.65,195.4
2857,196.26,199.31,198.68
2856,197.39,198.7,196.6
2855,198.3,199.62,199.27
2854,201.1,202.11,201.93
2853,201.95,202.45,200.31
2852,199.78,205.19,204.88
2851,204.53,208.86,208.44
2850,208.73,212.57,211.64
2849,213.1,214.59,214.52
2848,215.12,215.84,211.95
2847,212.44,213.41,201.97
2846,202.33,204.43,202.66
2845,204.8,207.93,207.25
2844,208.68,209.97,209.06
2843,208.71,208.96,203.13
2842,204.55,208.41,202.47
2841,203.28,203.55,202.31
2840,202.85,205.53,205.53
2839,207.71,208.1,204.8
2838,207.52,207.81,206.51
2837,206.46,209.21,208.95
2836,208.73,210.07,209.69
2835,209.76,211.78,211.48
2834,212.88,216.47,215.29
2833,216.32,223.33,212.51
2832,214.14,216.32,215.08
2831,216.99,218.65,213.38
2830,216.1,216.65,216.24
2829,216.29,216.47,215.68
2828,216.15,216.15,212.53
2827,212.38,214.1,213.56
2826,214.2,214.58,210.29
2825,208.84,209.31,207.64
2824,211.47,218.05,217.83
2823,222.17,224.7,222.84
2822,223.22,226.0,225.85
2821,228.66,235.49,233.06
2820,233.44,236.94,233.68
2819,232.44,235.36,235.11
2818,235.87,237.79,236.05
2817,237.1,237.73,232.05
2816,232.39,233.68,233.36
2815,231.76,235.18,233.79
2814,223.87,228.91,222.68
2813,225.81,226.97,218.44
2812,219.57,220.24,199.93
2811,203.89,214.41,213.96
2810,218.23,222.7,221.74
2809,225.86,227.34,216.72
2808,219.99,220.22,217.35
2807,217.72,219.33,216.96
2806,214.83,216.86,213.62
2805,215.5,220.02,216.55
2804,194.71,201.2,201.09
2803,202.11,203.45,198.22
2802,197.01,197.15,190.97
2801,192.85,195.14,192.74
2800,191.69,192.04,184.14
2799,184.42,185.53,184.72
2798,185.79,187.39,179.56
2797,181.16,182.43,181.49
2796,173.49,175.48,173.02
2795,172.84,176.02,171.83
2794,170.81,173.17,171.36
2793,173.01,183.68,183.41
2792,185.11,186.26,184.56
2791,183.4,186.96,183.48
2790,183.76,184.66,182.93
2789,182.99,190.81,189.22
2788,188.84,190.23,188.89
2787,190.83,196.05,195.38
2786,196.8,198.97,181.49
2785,184.46,184.91,182.58
2784,182.32,190.74,188.41
2783,192.34,193.81,189.28
2782,190.65,191.89,184.23
2781,182.69,184.41,182.41
2780,177.14,180.2,177.12
2779,177.87,179.44,171.67
2778,171.92,172.42,168.92
2777,170.64,173.22,168.7
2776,168.74,176.36,175.76
2775,175.56,176.33,172.42
2774,174.48,174.55,169.55
2773,169.57,171.06,170.06
2772,171.34,175.22,174.27
2771,175.18,176.01,170.13
2770,170.04,172.22,170.28
2769,171.35,173.05,171.12
2768,184.49,185.23,183.08
2767,183.73,186.04,185.03
2766,186.04,189.12,188.79
2765,190.16,199.7,197.69
2764,194.79,196.95,194.41
2763,194.56,196.13,195.19
2762,194.96,196.43,195.04
2761,195.14,202.65,202.37
2760,204.31,207.49,204.2
2759,203.45,207.15,205.8
2758,206.41,206.63,203.28
2757,203.74,208.79,208.4
2756,208.42,209.76,205.03
2755,204.7,205.87,204.68
2754,204.52,205.08,201.28
2753,201.93,206.46,203.61
2752,204.17,205.12,202.32
2751,206.49,207.03,205.46
2750,205.71,208.21,207.71
2749,224.67,225.59,218.77
2748,219.92,222.57,220.47
2747,220.03,220.74,213.79
2746,214.08,215.24,213.2
2745,211.67,213.67,210.23
2744,209.52,213.08,209.18
2743,209.44,209.93,199.65
2742,200.74,201.45,197.6
2741,198.37,200.95,197.28
2740,197.71,199.63,197.57
2739,199.0,200.54,197.35
2738,197.75,198.76,197.59
2737,198.04,204.7,204.6
2736,204.36,206.06,201.69
2735,201.91,202.56,193.69
2734,191.96,192.63,187.25
2733,188.15,190.27,188.29
2732,188.18,188.62,185.84
2731,185.49,190.11,187.44
2730,189.58,191.1,185.68
2729,186.83,187.44,185.2
2728,184.11,186.7,185.66
2727,187.29,192.13,187.98
2726,188.86,191.91,190.82
2725,189.73,191.69,191.69
2724,192.47,193.13,190.87
2723,189.33,190.69,186.16
2722,187.09,189.31,186.1
2721,186.96,191.69,191.5
2720,192.92,193.73,189.91
2719,188.28,190.92,187.41
2718,188.48,195.2,195.19
2717,196.82,197.63,193.45
2716,194.07,197.33,196.85
2715,196.29,197.91,193.48
2714,194.36,195.44,190.96
2713,190.64,193.69,193.46
2712,195.11,195.75,192.39
2711,193.5,196.32,195.7
2710,194.74,195.66,195.55
2709,195.62,197.6,194.26
2708,194.21,196.13,193.78
2707,195.73,202.2,201.27
2706,200.99,203.2,200.17
2705,201.58,205.08,202.63
2704,203.58,204.35,202.31
2703,203.06,204.2,201.36
2702,202.21,203.44,203.26
2701,204.2,209.31,209.11
2700,208.01,209.87,209.87
2699,210.23,212.1,211.81
2698,210.97,211.61,210.94
2697,211.9,212.9,211.81
2696,213.24,214.16,210.44
2695,211.93,212.83,209.31
2694,209.46,212.74,212.49
2693,211.26,211.58,208.83
2692,207.21,209.38,204.62
2691,205.37,205.95,201.95
2690,202.52,205.7,204.15
2689,205.08,205.49,201.73
2688,197.7,200.77,199.7
2687,202.34,202.42,193.75
2686,193.26,196.07,195.25
2685,196.61,197.14,195.65
2684,192.7,195.85,194.87
2683,194.29,196.15,192.94
2682,193.88,193.94,191.39
2681,191.19,194.97,194.25
2680,194.19,194.78,193.49
2679,192.75,193.08,187.94
2678,187.99,188.77,183.8
2677,182.67,189.14,187.88
2676,189.97,190.53,187.11
2675,185.94,190.05,189.16
2674,191.6,192.44,190.69
2673,192.08,192.53,188.66
2672,187.13,189.02,187.29
2671,187.39,187.83,184.43
2670,185.94,187.75,184.9
2669,187.24,191.03,190.68
2668,191.93,194.42,194.05
2667,193.39,195.19,193.09
2666,193.35,193.74,191.87
2665,189.24,189.69,188.84
2664,189.06,189.82,189.33
2663,189.01,189.32,186.9
2662,187.41,188.39,187.05
2661,186.73,187.85,186.82
2660,187.99,190.67,190.67
2659,190.58,191.35,189.66
2658,189.79,192.52,190.57
2657,190.94,191.27,189.45
2656,190.69,190.83,189.49
2655,190.12,192.89,192.37
2654,191.24,191.79,190.26
2653,189.88,191.07,189.43
2652,188.55,190.59,189.11
2651,189.32,192.54,192.24
2650,192.69,196.56,196.15
2649,197.77,203.58,203.49
2648,202.35,203.34,202.19
2647,203.94,205.23,205.14
2646,205.2,209.55,207.55
2645,207.94,207.95,202.11
2644,203.75,203.9,198.7
2643,200.35,204.43,203.63
2642,202.69,203.93,202.09
2641,202.99,204.93,202.19
2640,202.95,204.04,203.64
2639,203.35,205.82,201.66
2638,202.24,203.69,201.99
2637,202.76,203.01,201.15
2636,201.15,203.2,200.92
2635,200.85,203.43,202.22
2634,202.69,208.09,208.06
2633,207.56,209.33,206.11
2632,205.32,211.17,210.46
2631,212.61,216.19,214.71
2630,216.0,219.14,213.54
2629,212.72,215.17,213.46
2628,214.49,215.05,213.93
2627,214.09,214.96,213.86
2626,214.06,214.81,211.09
2625,210.36,212.09,210.53
2624,211.71,212.59,209.86
2623,210.33,227.68,213.24
2622,229.72,230.28,230.06
2621,231.37,242.56,240.63
2620,238.38,239.17,236.89
2619,238.98,244.49,243.54
2618,244.08,246.23,242.79
2617,242.19,242.86,237.84
2616,237.65,240.47,238.52
2615,239.27,241.32,238.43
2614,239.62,239.8,233.98
2613,233.98,237.1,235.19
2612,236.35,237.11,236.13
2611,237.12,240.07,238.71
2610,238.72,239.75,236.52
2609,235.41,241.11,237.74
2608,238.49,239.98,236.55
2607,237.13,237.6,237.01
2606,237.69,240.83,240.76
2605,240.59,245.22,244.89
2604,246.96,250.17,246.21
2603,247.75,249.09,248.2
2602,246.87,250.08,249.64
2601,249.45,249.45,247.77
2600,248.52,255.25,255.08
2599,255.74,256.76,254.26
2598,252.5,254.0,252.8
2597,250.94,251.14,242.62
2596,240.81,245.17,244.99
2595,247.37,247.62,242.57
2594,242.34,245.45,242.65
2593,243.23,244.44,240.64
2592,241.74,243.96,242.67
2591,243.94,244.96,243.74
2590,243.72,246.45,244.6
2589,245.36,246.15,241.56
2588,241.21,244.54,242.3
2587,242.7,244.69,242.21
2586,242.17,243.42,241.13
2585,242.59,242.99,239.73
2584,240.37,242.12,241.3
2583,241.56,242.3,240.39
2582,241.49,241.61,231.63
2581,231.09,234.89,234.55
2580,235.23,235.99,231.68
2579,232.32,232.86,228.33
2578,228.98,229.55,228.02
2577,228.49,229.96,228.99
2576,230.23,234.27,234.25
2575,233.79,234.52,231.51
2574,231.28,232.47,230.47
2573,233.23,238.57,234.03
2572,234.73,242.22,241.87
2571,241.49,243.99,243.84
2570,244.09,245.18,242.03
2569,242.97,244.37,242.99
2568,242.46,247.02,244.97
2567,248.85,251.13,250.11
2566,251.25,252.75,252.75
2565,254.03,256.76,252.39
2564,251.95,254.14,248.89
2563,247.51,248.49,244.16
2562,244.23,245.63,245.12
2561,246.5,246.57,240.66
2560,240.64,242.62,239.76
2559,242.46,250.02,249.78
2558,250.75,252.5,244.29
2557,245.71,249.2,248.17
2556,249.25,249.62,246.48
2555,247.25,249.25,247.41
2554,248.49,252.75,251.0
2553,253.25,253.26,241.12
2552,241.55,242.74,240.99
2551,238.99,239.24,233.81
2550,234.28,236.89,235.98
2549,237.15,237.41,235.24
2548,234.26,237.11,235.75
2547,236.06,236.58,231.18
2546,230.57,231.43,229.37
2545,229.81,231.62,229.78
2544,230.23,234.8,233.2
2543,233.23,233.3,230.97
2542,231.63,235.31,235.2
2541,234.47,236.61,236.29
2540,235.15,239.58,238.17
2539,239.58,242.36,238.16
2538,238.11,238.71,235.55
2537,236.65,237.86,232.7
2536,227.73,230.13,224.61
2535,225.43,227.06,224.95
2534,221.56,226.44,224.34
2533,222.78,224.57,219.56
2532,218.73,222.97,220.69
2531,223.96,229.73,229.0
2530,231.58,231.8,228.05
2529,229.84,232.98,227.59
2528,229.23,229.43,226.71
2527,226.51,227.85,227.6
2526,225.28,226.19,221.74
2525,221.84,224.55,224.22
2524,224.15,225.14,223.32
2523,223.05,223.57,220.65
2522,221.85,224.47,223.84
2521,223.12,224.02,222.86
2520,222.87,228.51,228.5
2519,228.03,231.32,231.25
2518,230.96,231.93,231.15
2517,230.51,232.73,232.73
2516,232.01,232.85,232.04
2515,231.17,232.95,231.17
2514,232.51,233.23,230.69
2513,231.28,231.93,229.31
2512,229.11,229.49,229.49
2511,232.26,237.36,236.54
2510,236.31,236.74,235.75
2509,235.89,236.28,235.99
2508,236.73,236.74,234.34
2507,233.78,235.63,233.48
2506,233.26,234.93,232.5
2505,232.23,234.23,233.93
2504,234.46,234.62,233.38
2503,234.46,238.73,237.37
2502,237.14,238.43,236.64
2501,235.87,240.19,238.24
2500,237.49,241.22,236.06
2499,245.51,246.5,241.48
2498,240.29,242.74,239.78
2497,239.54,240.23,239.0
2496,240.24,240.93,239.23
2495,239.29,242.47,240.83
2494,240.28,241.44,239.74
2493,239.81,240.92,235.93
2492,236.33,236.64,234.73
2491,234.56,235.78,233.12
2490,233.34,237.27,236.85
2489,235.3,237.66,235.8
2488,236.31,236.65,233.87
2487,233.3,234.32,233.64
2486,233.31,236.1,234.86
2485,233.75,234.98,230.97
2484,231.15,233.73,233.6
2483,232.97,233.99,231.12
2482,231.21,231.5,229.23
2481,231.23,236.81,236.54
2480,236.47,237.85,235.72
2479,236.25,236.59,235.4
2478,235.0,239.84,235.54
2477,236.74,239.74,238.17
2476,240.65,241.95,237.22
2475,237.81,239.84,237.4
2474,240.09,242.72,242.0
2473,242.74,246.15,243.8
2472,242.49,249.67,249.55
2471,250.53,254.64,249.2
2470,250.75,252.76,250.45
2469,249.2,255.51,253.79
2468,255.13,259.76,259.68
2467,258.63,260.65,259.38
2466,260.13,263.51,257.79
2465,258.36,260.08,258.0
2464,257.27,259.38,255.93
2463,254.61,256.09,252.64
2462,253.8,254.52,252.87
2461,252.94,253.19,251.67
2460,254.35,254.75,253.2
2459,253.34,258.26,257.86
2458,257.26,258.88,257.41
2457,258.74,259.63,255.24
2456,255.75,257.9,257.31
2455,258.47,262.76,262.75
2454,264.75,267.76,263.97
2453,266.63,266.87,265.4
2452,262.76,264.26,263.41
2451,262.7,265.01,262.77
2450,263.27,263.96,261.61
2449,263.01,266.19,265.46
2448,265.8,267.47,267.44
2447,268.05,272.47,271.09
2446,270.9,272.21,269.97
2445,271.77,274.64,271.55
2444,272.17,273.77,271.94
2443,272.08,273.52,272.51
2442,273.2,273.93,272.94
2441,274.23,276.61,276.36
2440,275.43,279.57,276.77
2439,277.8,279.14,277.78
2438,277.22,277.53,275.02
2437,277.01,277.04,274.57
2436,256.21,261.85,260.32
2435,259.76,260.26,256.51
2434,254.9,259.6,257.26
2433,258.75,258.77,255.13
2432,254.62,256.55,254.25
2431,254.52,258.57,256.2
2430,256.72,259.93,258.31
2429,260.38,260.48,255.25
2428,255.51,258.51,256.73
2427,257.12,257.75,255.76
2426,255.28,256.86,251.75
2425,251.75,255.33,255.25
2424,255.13,260.2,258.27
2423,259.93,263.15,263.15
2422,260.66,263.67,257.62
2421,255.35,259.62,258.13
2420,260.03,260.13,258.01
2419,258.12,258.96,254.55
2418,254.75,256.1,249.02
2417,246.26,248.46,246.01
2416,248.97,250.75,250.27
2415,251.48,251.53,249.21
2414,249.72,254.33,253.56
2413,255.23,258.38,256.63
2412,258.26,258.32,256.35
2411,256.56,258.03,257.76
2410,257.47,258.98,256.89
2409,256.02,257.75,253.45
2408,254.17,256.91,256.7
2407,256.44,257.96,255.96
2406,256.81,258.51,257.88
2405,257.77,264.26,262.84
2404,261.96,265.0,264.16
2403,264.94,265.18,262.02
2402,259.19,260.88,259.93
2401,260.9,261.3,257.5
2400,258.75,261.09,260.93
2399,260.53,264.25,261.59
2398,262.29,263.87,262.65
2397,261.86,265.4,264.64
2396,263.53,264.9,262.91
2395,263.52,268.89,267.9
2394,269.9,275.0,273.7
2393,273.77,278.68,276.69
2392,278.45,280.68,280.33
2391,280.78,286.02,284.29
2390,282.28,285.06,284.78
2389,285.49,286.18,284.36
2388,286.15,286.16,284.03
2387,283.78,285.06,283.92
2386,285.27,292.47,291.57
2385,291.98,298.7,292.49
2384,293.42,294.79,292.3
2383,292.84,292.84,289.8
2382,293.85,298.3,297.32
2381,297.8,305.44,305.11
2380,307.86,312.2,307.9
2379,310.99,313.15,313.01
2378,317.14,321.03,311.31
2377,312.3,319.52,319.01
2376,319.55,320.25,310.37
2375,309.55,313.27,308.31
2374,315.54,317.32,317.06
2373,318.02,321.01,320.13
2372,327.61,329.57,322.68
2371,319.65,327.83,325.7
2370,330.96,339.14,338.22
2369,336.69,339.07,338.25
2368,339.68,339.82,334.59
2367,337.35,338.61,337.64
2366,339.22,340.34,339.95
2365,339.09,350.3,347.73
2364,350.7,353.85,353.85
2363,351.75,357.22,351.96
2362,355.61,357.15,355.98
2361,353.85,365.48,363.19
2360,369.15,371.27,371.27
2359,370.94,373.99,366.84
2358,367.67,367.81,347.27
2357,338.23,341.28,332.32
2356,329.2,335.3,316.35
2355,322.82,330.79,330.61
2354,336.98,338.08,321.16
2353,319.6,324.07,315.14
2352,317.29,318.06,317.13
2351,315.11,318.7,313.24
2350,318.56,329.88,324.59
2349,322.21,335.32,330.59
2348,335.33,339.48,338.69
2347,340.4,347.0,333.3
2346,337.74,338.55,337.12
2345,341.4,347.5,346.48
2344,345.72,351.75,348.85
2343,355.86,355.89,346.85
2342,345.85,347.85,341.11
2341,339.49,346.35,342.42
2340,346.71,349.81,349.6
2339,349.25,358.64,357.99
2338,357.85,359.36,357.79
2337,358.35,362.76,359.57
2336,360.33,360.86,349.95
2335,357.36,357.52,350.02
2334,348.5,349.16,347.37
2333,344.1,350.2,345.32
2332,344.34,348.06,334.95
2331,337.42,338.69,337.01
2330,337.44,340.09,339.02
2329,343.26,345.85,345.19
2328,349.29,349.98,348.69
2327,347.84,350.72,350.72
2326,349.84,356.97,355.78
2325,353.89,358.36,350.72
2324,352.82,354.33,351.62
2323,349.63,351.6,346.09
2322,346.78,349.03,342.94
2321,342.97,343.77,343.01
2320,340.18,340.82,328.83
2319,327.3,331.47,324.95
2318,326.83,330.31,316.16
2317,315.34,327.0,326.93
2316,322.83,328.93,323.69
2315,321.67,325.06,319.44
2314,325.9,329.03,327.24
2313,323.43,324.85,319.14
2312,314.8,320.31,308.28
2311,310.69,313.18,300.7
2310,304.48,305.3,300.43
2309,281.3,299.05,292.47
2308,280.64,284.28,274.58
2307,279.68,290.13,287.53
2306,296.2,297.8,283.48
2305,285.77,286.41,278.27
2304,280.52,280.95,275.54
2303,274.87,280.5,274.41
2302,269.77,286.79,282.43
2301,264.6,268.6,258.21
2300,254.79,256.65,247.96
2299,244.96,254.75,253.65
2298,255.83,255.84,251.11
2297,248.68,257.35,252.73
2296,254.96,259.12,258.6
2295,260.52,262.12,260.84
2294,261.96,265.57,259.3
2293,261.51,267.76,267.58
2292,269.44,270.79,266.39
2291,264.42,266.6,265.08
2290,267.74,267.8,254.73
2289,252.01,255.76,254.75
2288,256.68,256.86,251.68
2287,251.28,254.75,254.15
2286,253.23,253.5,243.46
2285,230.83,233.47,232.33
2284,230.3,237.98,236.67
2283,235.49,239.78,237.93
2282,236.17,240.11,235.83
2281,235.99,236.6,228.74
2280,225.7,226.91,222.52
2279,222.85,227.31,224.07
2278,224.07,226.88,216.57
2277,214.65,220.22,216.89
2276,214.63,215.72,207.02
2275,212.84,220.3,220.14
2274,220.23,224.16,220.31
2273,216.55,223.71,221.73
2272,221.71,224.89,219.18
2271,214.21,217.07,210.14
2270,214.7,220.64,219.8
2269,220.78,223.97,216.22
2268,213.87,218.07,216.99
2267,219.43,233.12,230.51
2266,228.96,228.96,225.62
2265,226.52,231.67,229.32
2264,223.22,224.53,222.26
2263,223.95,227.01,219.26
2262,218.04,221.57,220.46
2261,224.09,233.48,233.09
2260,235.18,238.11,233.08
2259,231.1,231.88,227.79
2258,228.73,239.15,235.78
2257,238.75,242.96,238.65
2256,236.76,237.31,234.14
2255,234.8,236.24,232.33
2254,232.71,237.17,234.78
2253,232.27,233.86,228.95
2252,228.81,228.95,226.06
2251,229.29,230.09,223.64
2250,222.42,229.37,227.74
2249,228.04,229.91,224.99
2248,267.87,274.12,269.97
2247,269.96,271.57,269.16
2246,269.05,280.7,277.78
2245,279.25,279.93,273.52
2244,275.92,277.52,271.79
2243,274.78,276.78,272.3
2242,273.21,278.68,276.34
2241,275.69,281.98,279.51
2240,281.39,292.72,287.43
2239,289.44,297.76,296.84
2238,299.54,301.53,290.94
2237,299.73,299.8,297.75
2236,295.8,296.3,293.47
2235,295.43,300.04,289.79
2234,293.39,294.94,291.8
2233,289.8,292.8,286.9
2232,287.66,293.67,292.76
2231,293.41,294.27,291.79
2230,293.54,295.89,288.44
2229,289.79,291.77,290.79
2228,291.01,292.63,290.33
2227,289.56,294.73,289.05
2226,287.6,291.53,289.59
2225,289.55,291.0,275.27
2224,276.25,277.38,275.0
2223,273.75,276.78,272.58
2222,272.75,281.58,280.73
2221,284.25,286.03,284.4
2220,287.68,293.23,291.79
2219,292.03,295.25,293.19
2218,291.54,292.24,287.79
2217,288.54,290.54,283.93
2216,282.95,289.29,286.4
2215,288.83,294.31,293.44
2214,290.16,290.65,283.78
2213,284.31,285.28,279.21
2212,275.05,279.69,277.36
2211,278.4,278.95,272.87
2210,274.65,279.28,276.75
2209,281.03,288.14,286.04
2208,283.53,289.84,286.69
2207,288.46,289.32,285.01
2206,282.54,284.78,281.47
2205,277.95,282.17,280.38
2204,278.77,278.77,273.49
2203,272.95,276.85,272.88
2202,272.84,275.87,271.42
2201,272.76,279.18,275.78
2200,272.32,272.74,264.67
2199,264.1,265.26,264.3
2198,266.51,269.27,263.47
2197,260.05,268.63,267.63
2196,268.52,270.46,263.78
2195,265.71,269.88,268.77
2194,271.42,274.77,272.23
2193,273.27,277.87,277.54
2192,275.66,278.12,271.05
2191,272.77,275.02,270.56
2190,268.52,270.02,267.17
2189,269.77,270.3,261.07
2188,258.4,264.01,258.3
2187,257.28,268.52,268.07
2186,267.35,268.79,266.99
2185,249.42,249.74,240.9
2184,240.68,242.29,234.63
2183,233.59,240.37,238.79
2182,241.05,248.86,244.85
2181,248.6,248.68,238.05
2180,243.49,246.81,246.24
2179,246.29,246.29,238.8
2178,239.89,243.87,241.8
2177,242.99,243.25,241.59
2176,237.52,240.69,237.11
2175,236.49,236.85,234.16
2174,234.29,236.74,231.73
2173,234.03,240.28,240.16
2172,239.42,245.13,243.41
2171,241.24,242.24,239.8
2170,240.32,248.12,247.75
2169,246.48,254.69,250.67
2168,251.25,253.32,251.56
2167,251.05,252.02,250.27
2166,249.1,254.06,253.0
2165,253.75,255.59,255.33
2164,255.17,255.26,249.4
2163,245.46,249.39,245.5
2162,247.61,248.59,242.74
2161,241.7,245.19,243.51
2160,246.0,247.68,245.54
2159,243.3,248.75,241.75
2158,241.97,241.97,237.32
2157,237.1,237.65,234.52
2156,236.48,238.46,237.13
2155,235.11,235.74,231.88
2154,238.62,241.33,232.86
2153,234.6,237.38,232.44
2152,230.23,231.85,225.36
2151,222.97,226.45,222.35
2150,226.24,226.7,210.18
2149,211.8,216.41,209.54
2148,212.45,212.45,207.29
2147,204.38,217.76,217.09
2146,215.32,221.22,219.05
2145,212.21,221.21,217.15
2144,213.19,224.86,221.69
2143,219.46,219.79,207.45
2142,211.53,219.81,219.76
2141,230.73,231.27,224.8
2140,227.29,227.29,215.29
2139,216.84,220.62,214.85
2138,215.39,222.72,217.77
2137,219.64,225.22,220.02
2136,214.21,218.8,215.74
2135,209.96,211.97,190.69
2134,198.2,212.76,200.46
2133,206.27,208.7,206.07
2132,205.1,205.19,195.44
2131,198.87,206.46,193.65
2130,187.18,188.18,185.79
2129,186.85,187.68,173.18
2128,165.25,179.67,169.22
2127,172.43,174.46,164.65
2126,156.74,171.12,166.17
2125,178.07,191.17,190.7
2124,196.96,197.45,181.54
2123,177.5,179.68,169.75
2122,166.55,178.43,176.69
2121,189.67,193.19,186.46
2120,190.06,190.68,189.85
2119,186.38,192.08,181.56
2118,178.67,185.03,178.01
2117,177.0,179.18,176.34
2116,163.4,175.41,169.81
2115,167.57,171.67,164.91
2114,169.69,184.84,184.56
2113,183.08,185.69,179.18
2112,184.41,186.19,180.02
2111,178.26,186.17,179.86
2110,178.97,181.68,173.42
2109,176.9,186.37,183.65
2108,181.26,184.62,171.29
2107,170.15,172.38,165.78
2106,166.73,170.75,165.74
2105,164.16,164.89,159.55
2104,154.5,158.31,155.89
2103,151.18,156.4,145.65
2102,146.03,156.66,156.2
2101,151.78,162.66,155.17
2100,151.65,155.24,150.21
2099,150.94,152.02,148.86
2098,147.84,150.25,140.23
2097,137.58,141.61,129.91
2096,131.39,134.82,131.35
2095,134.76,135.11,128.85
2094,134.47,143.47,141.17
2093,140.28,147.88,146.19
2092,145.44,148.37,146.63
2091,143.48,143.83,133.13
2090,135.0,139.03,137.69
2089,135.06,140.82,139.85
2088,138.4,141.89,137.31
2087,135.65,142.26,142.14
2086,145.14,154.87,151.21
2085,148.99,159.16,153.14
2084,154.77,157.61,154.56
2083,152.24,156.6,150.26
2082,148.0,158.39,158.04
2081,157.16,159.4,155.49
2080,157.42,164.91,162.8
2079,159.48,161.23,157.78
2078,158.51,160.34,155.3
2077,155.65,159.05,155.24
2076,154.43,154.9,148.7
2075,150.37,151.81,149.16
2074,150.89,153.32,151.63
2073,152.19,152.78,150.33
2072,150.26,150.84,148.86
2071,150.55,153.56,151.71
2070,152.25,155.66,153.98
2069,154.45,161.07,160.82
2068,160.66,165.79,164.19
2067,166.66,170.57,167.2
2066,164.32,165.62,161.17
2065,159.3,162.76,162.76
2064,163.91,163.91,157.69
2063,158.31,159.63,156.5
2062,156.04,160.46,157.32
2061,155.15,157.06,150.64
2060,148.93,151.94,149.64
2059,152.66,154.28,149.98
2058,149.72,149.9,141.52
2057,144.32,151.9,151.69
2056,149.17,154.83,153.4
2055,154.79,166.15,162.51
2054,162.59,164.16,162.1
2053,163.39,167.1,165.91
2052,169.16,176.34,174.51
2051,172.44,172.7,171.83
2050,172.52,174.57,169.43
2049,167.31,172.67,170.46
2048,171.46,171.67,170.4
2047,170.21,177.4,171.67
2046,170.63,177.87,177.04
2045,178.41,187.09,185.83
2044,185.83,190.69,189.57
2043,188.18,188.94,179.43
2042,179.65,182.68,179.2
2041,176.76,181.99,181.71
2040,181.28,181.68,179.02
2039,173.43,173.72,171.5
2038,173.79,176.87,176.73
2037,178.91,180.08,171.49
2036,169.19,174.63,173.4
2035,173.67,175.07,165.2
2034,165.68,174.98,172.9
2033,171.25,176.33,170.99
2032,173.15,176.42,168.76
2031,166.64,172.08,169.16
2030,166.83,170.52,163.74
2029,165.2,167.01,162.9
2028,161.74,164.66,159.62
2027,158.4,159.7,152.97
2026,153.76,155.25,154.44
2025,150.14,153.44,145.59
2024,149.27,155.41,154.24
2023,155.21,160.16,159.11
2022,158.93,162.66,161.93
2021,163.21,163.89,162.37
2020,163.16,165.03,160.0
2019,160.25,167.84,167.84
2018,167.57,170.17,166.72
2017,166.01,168.17,165.13
2016,165.32,166.66,165.25
2015,166.95,174.9,174.48
2014,173.42,177.1,173.76
2013,175.38,175.85,172.21
2012,176.74,179.76,176.82
2011,175.18,176.17,174.02
2010,171.44,172.08,171.52
2009,174.64,176.93,174.2
2008,172.06,177.8,177.22
2007,181.84,185.06,181.43
2006,182.43,186.05,185.07
2005,183.68,185.09,184.3
2004,181.48,182.06,179.5
2003,181.93,182.68,181.18
2002,184.93,187.36,186.44
2001,185.85,189.74,189.24
2000,188.66,188.68,184.64
1999,183.73,190.72,189.94
1998,190.94,196.65,194.56
1997,193.2,200.11,196.32
1996,193.27,195.52,189.84
1995,188.27,192.34,190.93
1994,191.07,195.19,192.12
1993,193.95,195.07,192.54
1992,193.22,196.79,194.94
1991,192.36,194.94,193.17
1990,192.07,194.72,192.05
1989,193.18,197.68,195.93
1988,198.08,202.08,198.18
1987,197.71,198.99,197.04
1986,199.28,201.4,201.19
1985,200.19,202.7,201.7
1984,203.6,204.34,201.94
1983,202.25,202.7,198.5
1982,201.63,205.27,203.87
1981,201.6,206.21,204.19
1980,205.21,205.7,199.7
1979,197.24,198.39,194.96
1978,194.59,196.3,193.94
1977,195.75,197.25,195.2
1976,197.56,198.85,198.62
1975,198.25,201.02,199.64
1974,201.25,203.04,198.79
1973,198.35,201.62,198.45
1972,198.53,199.52,196.95
1971,196.17,202.7,202.38
1970,203.02,206.14,202.98
1969,204.54,206.02,205.41
1968,206.26,208.83,208.82
1967,209.57,215.01,213.49
1966,213.34,215.19,214.41
1965,213.21,216.45,216.04
1964,217.87,220.84,220.36
1963,222.76,223.89,222.38
1962,219.97,220.68,219.6
1961,219.51,220.47,218.03
1960,218.33,219.16,216.52
1959,216.1,217.08,214.71
1958,213.64,214.06,212.63
1957,210.96,210.96,208.59
1956,209.86,210.76,208.21
1955,208.3,210.07,207.79
1954,208.05,209.55,207.24
1953,209.31,210.44,210.26
1952,208.68,208.95,203.88
1951,203.53,204.7,203.04
1950,204.57,206.32,204.85
1949,203.7,208.16,208.09
1948,207.05,214.33,212.87
1947,213.21,214.11,212.28
1946,212.21,213.82,211.01
1945,212.31,213.41,209.7
1944,207.91,207.91,204.45
1943,203.45,205.53,205.01
1942,204.32,204.8,198.51
1941,200.2,203.2,201.45
1940,203.26,207.43,205.4
1939,204.99,208.89,207.41
1938,208.3,212.47,212.36
1937,212.07,213.58,212.56
1936,215.04,219.56,219.3
1935,218.56,223.1,221.52
1934,216.72,217.96,215.34
1933,215.15,216.64,215.3
1932,215.69,216.17,214.16
1931,214.21,215.32,214.06
1930,214.55,220.83,218.89
1929,218.12,225.47,223.58
1928,223.24,223.6,222.62
1927,220.72,221.63,220.14
1926,218.83,219.12,218.34
1925,221.53,225.96,223.04
1924,225.21,226.58,221.75
1923,224.59,227.18,226.33
1922,224.91,227.23,227.09
1921,228.23,228.68,225.8
1920,227.38,227.67,225.41
1919,228.06,229.94,228.78
1918,227.8,229.43,228.53
1917,227.06,228.84,227.2
1916,227.93,231.11,229.52
1915,231.31,232.59,231.37
1914,231.62,231.82,230.23
1913,225.98,226.22,222.67
1912,222.77,224.07,222.86
1911,220.22,222.72,222.21
1910,226.23,231.32,230.44
1909,233.0,233.28,232.85
1908,233.91,235.28,234.6
1907,234.8,237.41,235.92
1906,236.62,236.74,234.23
1905,234.52,234.52,233.26
1904,234.86,236.42,232.61
1903,230.12,231.16,231.07
1902,230.07,233.64,228.11
1901,228.14,229.39,226.73
1900,228.14,229.35,228.99
1899,229.01,231.53,230.88
1898,232.38,233.73,229.54
1897,229.76,233.37,232.22
1896,233.56,235.71,235.71
1895,235.44,236.89,236.31
1894,235.49,238.64,237.8
1893,237.78,239.69,239.01
1892,240.14,244.93,244.39
1891,245.53,248.93,246.11
1890,248.63,248.74,245.98
1889,244.11,249.7,248.75
1888,250.71,251.25,249.78
1887,250.64,253.75,249.48
1886,250.49,250.96,248.63
1885,247.39,250.21,246.49
1884,247.67,251.0,249.51
1883,250.01,250.12,249.51
1882,250.25,250.32,248.17
1881,246.75,248.48,243.84
1880,242.11,246.12,242.53
1879,244.07,246.46,244.5
1878,246.1,249.93,249.62
1877,249.75,259.75,259.03
1876,260.04,261.89,257.35
1875,258.58,261.02,258.38
1874,261.97,263.14,262.28
1873,262.46,263.99,263.32
1872,266.5,268.06,267.93
1871,267.14,268.72,265.22
1870,273.94,277.65,275.2
1869,276.62,277.08,276.32
1868,276.1,276.75,276.14
1867,275.23,279.95,275.83
1866,275.27,277.78,277.32
1865,277.9,279.22,277.12
1864,278.15,281.1,277.38
1863,275.76,277.56,274.42
1862,274.21,275.27,270.42
1861,271.78,276.19,275.8
1860,275.27,275.36,268.33
1859,268.81,270.0,267.26
1858,265.27,269.02,268.91
1857,270.67,273.02,270.44
1856,272.02,275.16,274.6
1855,274.13,276.17,275.83
1854,278.0,281.57,281.54
1853,281.65,284.67,283.66
1852,285.53,287.04,285.57
1851,285.06,286.74,284.21
1850,284.93,286.54,286.31
1849,287.79,288.78,288.43
1848,287.72,289.04,289.03
1847,288.61,289.68,288.61
1846,287.17,287.29,286.78
1845,285.04,286.09,285.27
1844,288.53,293.59,291.47
1843,291.54,292.44,291.84
1842,293.5,293.82,293.16
1841,286.29,291.52,290.17
1840,290.61,292.13,291.79
1839,294.36,295.91,295.23
1838,295.79,296.8,294.05
1837,294.81,296.02,293.16
1836,296.81,297.71,292.8
1835,292.41,294.64,293.42
1834,292.04,295.63,293.82
1833,294.04,294.96,294.8
1832,295.52,297.65,296.05
1831,297.64,297.67,295.55
1830,297.92,298.95,298.16
1829,296.95,298.49,296.87
1828,299.75,300.49,299.18
1827,298.52,299.12,297.27
1826,298.31,299.76,298.51
1825,299.27,300.22,299.64
1824,300.97,301.05,300.86
1823,302.05,306.74,306.15
1822,306.77,310.07,309.55
1821,311.14,313.31,311.75
1820,312.68,312.73,310.01
1819,309.56,311.68,311.68
1818,312.69,313.01,310.3
1817,313.79,315.07,313.69
1816,313.9,314.23,312.31
1815,313.24,313.24,304.43
1814,305.0,305.3,297.35
1813,296.3,301.93,301.31
1812,302.53,302.53,300.86
1811,299.34,299.38,295.54
1810,288.53,294.48,293.84
1809,292.24,297.4,295.22
1808,296.09,297.08,290.29
1807,291.04,295.51,294.1
1806,293.28,293.28,290.5
1805,292.01,293.7,291.78
1804,282.53,285.59,275.28
1803,273.57,275.21,270.27
1802,269.25,275.07,271.48
1801,270.91,274.1,271.32
1800,272.52,273.77,267.41
1799,269.51,270.76,265.24
1798,267.57,268.17,266.78
1797,267.75,267.75,265.83
1796,264.6,271.32,270.68
1795,268.77,269.27,263.65
1794,264.46,267.02,265.91
1793,266.52,271.27,267.0
1792,270.04,271.04,268.49
1791,267.3,269.16,267.49
1790,266.39,270.52,268.47
1789,266.75,268.84,266.83
1788,268.84,272.34,270.92
1787,271.27,271.97,269.37
1786,269.04,272.78,271.88
1785,270.77,272.29,270.65
1784,273.95,274.02,271.67
1783,271.77,272.09,267.8
1782,267.46,269.49,266.0
1781,263.82,264.51,263.48
1780,263.97,266.14,263.66
1779,264.86,266.91,266.61
1778,268.01,273.1,270.8
1777,271.45,274.33,272.93
1776,273.52,278.34,277.57
1775,280.96,284.12,282.39
1774,282.67,282.87,281.52
1773,280.2,282.61,280.38
1772,282.16,289.54,288.51
1771,287.42,293.4,290.86
1770,294.36,294.43,290.06
1769,283.62,285.01,281.87
1768,281.2,284.49,282.88
1767,284.43,286.01,283.06
1766,282.64,284.5,283.48
1765,283.4,284.28,280.28
1764,278.33,283.71,279.03
1763,278.8,279.44,274.77
1762,273.03,280.2,278.94
1761,279.79,286.29,281.72
1760,282.92,283.98,281.63
1759,281.78,282.64,281.51
1758,281.7,284.1,283.64
1757,282.81,285.15,283.84
1756,285.74,287.73,285.79
1755,285.01,285.73,284.39
1754,283.93,284.66,282.05
1753,281.94,285.21,284.03
1752,284.28,284.67,283.39
1751,283.96,287.29,286.65
1750,286.55,294.73,293.68
1749,295.33,296.47,294.79
1748,296.38,299.22,297.95
1747,281.78,284.69,275.35
1746,274.65,277.27,275.33
1745,277.36,280.11,277.8
1744,278.51,280.41,277.43
1743,276.28,276.53,273.8
1742,273.9,274.93,272.77
1741,272.76,272.77,266.09
1740,264.73,269.43,264.8
1739,266.32,267.68,264.86
1738,266.95,268.52,266.27
1737,265.83,269.11,263.11
1736,263.51,266.73,265.57
1735,263.52,263.63,253.44
1734,250.74,258.12,255.13
1733,254.63,259.02,249.58
1732,250.23,252.91,246.82
1731,257.24,261.67,261.09
1730,258.09,260.2,254.78
1729,256.28,256.28,252.95
1728,258.51,261.26,255.7
1727,255.14,255.75,254.02
1726,253.64,254.43,254.24
1725,255.25,255.74,249.43
1724,248.38,249.97,247.46
1723,242.78,243.03,237.74
1722,234.76,242.74,236.26
1721,240.61,245.14,238.82
1720,234.31,238.96,238.77
1719,241.28,245.12,237.97
1718,242.67,246.4,245.48
1717,246.62,246.97,243.06
1716,240.46,245.78,241.43
1715,243.58,247.18,246.93
1714,247.8,254.25,253.05
1713,250.11,254.88,249.61
1712,249.78,250.71,243.0
1711,244.17,244.66,242.63
1710,243.85,244.68,237.25
1709,240.43,244.49,243.75
1708,241.49,244.6,244.49
1707,247.49,247.5,241.84
1706,241.78,250.45,249.24
1705,248.33,252.25,250.89
1704,251.98,253.19,250.29
1703,251.51,251.99,250.27
1702,250.2,250.73,244.52
1701,245.19,248.55,243.37
1700,243.69,243.69,241.27
1699,240.07,241.62,237.79
1698,238.77,239.06,236.58
1697,236.53,239.01,236.28
1696,231.95,232.51,227.36
1695,227.71,229.14,222.7
1694,222.87,224.42,219.96
1693,221.03,221.36,218.49
1692,222.22,224.06,218.25
1691,219.37,225.87,225.33
1690,227.0,228.89,228.51
1689,236.22,236.87,233.98
1688,236.42,239.96,238.15
1687,241.37,246.74,244.84
1686,245.18,247.16,245.91
1685,246.11,247.6,247.26
1684,234.8,235.52,230.03
1683,230.74,235.06,233.32
1682,230.75,241.74,241.04
1681,242.24,243.09,238.99
1680,241.86,244.73,242.65
1679,240.63,245.54,245.28
1678,244.79,245.62,244.73
1677,245.53,249.0,246.56
1676,247.72,247.87,242.42
1675,243.22,244.68,242.74
1674,240.06,243.92,242.67
1673,244.74,246.89,245.45
1672,245.5,246.48,245.16
1671,246.34,253.75,253.41
1670,253.2,254.55,254.3
1669,252.95,253.12,250.36
1668,251.38,253.0,252.93
1667,251.43,253.25,252.11
1666,249.11,249.25,246.12
1665,242.21,247.62,246.25
1664,244.74,245.84,243.42
1663,242.08,245.18,243.04
1662,244.51,247.6,245.51
1661,245.47,245.68,241.32
1660,240.75,241.5,234.22
1659,234.22,236.03,231.24
1658,230.98,234.36,232.27
1657,229.08,229.41,225.92
1656,225.22,229.13,227.54
1655,228.26,228.86,225.72
1654,226.51,230.22,229.64
1653,229.8,230.11,226.57
1652,225.28,227.66,225.24
1651,227.72,232.7,230.4
1650,231.65,232.45,231.82
1649,235.5,236.18,235.39
1648,232.48,234.03,232.43
1647,232.83,236.49,235.53
1646,239.15,240.44,238.33
1645,239.75,240.13,238.31
1644,240.69,242.42,241.38
1643,241.25,242.62,240.46
1642,240.21,241.19,240.56
1641,240.21,241.47,240.77
1640,242.12,245.85,245.32
1639,246.5,255.46,254.39
1638,255.09,260.25,256.99
1637,256.69,259.15,258.26
1636,257.56,260.1,257.0
1635,261.13,264.18,263.91
1634,264.69,268.69,265.47
1633,267.01,267.06,263.85
1632,264.19,266.74,264.11
1631,264.84,266.2,263.16
1630,265.26,265.58,263.07
1629,262.74,264.39,261.44
1628,264.45,270.27,269.38
1627,269.9,270.24,267.44
1626,268.37,268.87,265.27
1625,266.65,269.07,268.44
1624,269.51,272.57,269.69
1623,270.33,273.27,270.97
1622,273.77,274.02,271.92
1621,272.36,272.9,270.74
1620,299.93,301.12,301.03
1619,300.58,310.15,309.16
1618,304.73,307.72,304.22
1617,304.37,309.0,304.29
1616,306.06,308.31,306.3
1615,306.27,307.72,306.57
1614,308.1,312.68,308.56
1613,306.86,310.93,309.61
1612,308.19,310.31,308.54
1611,310.34,310.81,309.6
1610,308.84,309.81,307.16
1609,308.17,310.64,307.81
1608,309.64,310.31,308.11
1607,309.06,311.23,310.4
1606,312.63,315.27,312.45
1605,311.9,313.06,312.85
1604,312.32,315.06,313.7
1603,315.32,315.74,312.72
1602,311.35,311.81,311.75
1601,310.16,310.23,308.9
1600,307.3,308.76,301.95
1599,301.84,302.3,298.03
1598,296.68,299.24,292.15
1597,292.79,295.04,292.07
1596,294.79,300.29,298.58
1595,298.8,299.24,295.71
1594,294.03,297.02,295.91
1593,293.8,294.8,291.8
1592,293.95,298.6,297.78
1591,295.53,296.79,295.29
1590,294.88,295.19,291.35
1589,287.45,287.45,278.13
1588,281.78,286.07,282.46
1587,284.62,286.95,286.2
1586,285.01,288.53,286.79
1585,290.58,291.29,289.47
1584,295.93,296.8,293.86
1583,296.28,296.56,295.57
1582,297.24,298.09,296.05
1581,296.87,297.29,296.4
1580,298.86,301.8,297.61
1579,298.84,299.44,297.75
1578,297.4,298.52,295.45
1577,296.72,297.18,296.15
1576,295.8,296.58,295.7
1575,297.62,299.24,297.83
1574,299.58,302.66,301.84
1573,302.3,303.8,303.05
1572,302.97,303.3,302.42
1571,301.67,302.19,301.49
1570,301.33,302.24,299.76
1569,301.3,301.51,300.8
1568,299.3,300.97,299.73
1567,298.67,299.51,297.28
1566,298.54,303.1,302.48
1565,303.11,303.39,301.36
1564,300.34,305.47,304.84
1563,305.65,309.52,307.06
1562,308.26,309.43,308.53
1561,307.71,308.0,307.41
1560,309.16,309.71,308.31
1559,309.98,309.98,308.74
1558,308.79,310.14,308.65
1557,309.01,312.45,312.4
1556,313.34,321.32,320.13
1555,321.38,321.8,316.19
1554,316.42,317.36,313.7
1553,320.11,321.19,306.22
1552,304.09,306.55,305.85
1551,304.4,310.66,310.26
1550,310.48,311.56,308.56
1549,309.25,310.16,308.7
1548,309.84,310.49,300.8
1547,302.1,302.54,300.48
1546,302.55,306.98,305.83
1545,305.81,307.48,306.31
1544,305.04,306.03,305.38
1543,305.38,306.03,305.8
1542,305.38,309.5,307.46
1541,307.77,310.12,309.5
1540,308.74,310.03,308.56
1539,307.26,309.06,308.53
1538,307.2,312.81,312.56
1537,311.98,315.13,314.39
1536,313.97,315.36,312.39
1535,313.13,313.56,312.42
1534,310.94,313.94,312.94
1533,313.31,315.91,315.36
1532,310.33,312.78,305.41
1531,305.47,307.66,305.97
1530,306.0,306.85,304.71
1529,306.24,307.67,305.33
1528,305.3,308.55,307.01
1527,309.2,309.92,300.68
1526,300.2,303.3,300.7
1525,303.49,306.05,305.08
1524,304.47,304.79,300.61
1523,300.58,302.15,296.13
1522,296.76,299.29,296.45
1521,295.8,297.55,296.18
1520,293.01,293.6,290.44
1519,289.4,290.29,288.64
1518,286.69,289.43,285.28
1517,279.03,285.79,285.06
1516,284.29,285.18,278.83
1515,282.52,284.78,280.96
1514,282.6,284.28,280.81
1513,285.4,290.19,288.54
1512,288.92,289.9,288.95
1511,287.88,291.52,291.37
1510,293.01,294.49,293.74
1509,293.73,293.75,290.16
1508,291.33,292.79,287.97
1507,288.29,291.24,291.16
1506,292.48,293.04,291.21
1505,291.79,294.37,293.67
1504,294.67,297.89,296.2
1503,296.8,297.67,294.13
1502,290.83,291.04,284.83
1501,286.38,287.87,287.38
1500,288.15,290.61,290.29
1499,292.74,292.74,289.37
1498,288.39,289.34,288.97
1497,287.79,288.75,285.59
1496,288.04,289.09,288.43
1495,287.88,290.01,289.54
1494,272.92,273.15,265.62
1493,263.47,264.1,263.68
1492,265.24,265.71,261.03
1491,263.21,263.67,263.13
1490,264.01,264.4,262.81
1489,262.89,263.76,262.79
1488,263.52,268.99,266.68
1487,269.27,269.32,269.15
1486,269.3,269.89,269.25
1485,270.27,272.32,272.32
1484,273.12,273.14,269.55
1483,268.83,271.28,267.21
1482,267.85,269.77,268.16
1481,267.2,269.98,267.4
1480,269.34,271.0,267.92
1479,267.77,269.51,269.11
1478,270.27,272.49,271.6
1477,270.34,272.05,267.99
1476,267.89,268.74,267.79
1475,267.57,268.23,265.04
1474,263.42,263.9,259.47
1473,257.97,265.88,265.5
1472,265.03,265.43,265.17
1471,266.63,268.54,265.89
1470,266.17,266.26,262.28
1469,258.56,260.26,259.45
1468,260.44,262.24,259.39
1467,258.92,261.65,260.09
1466,259.11,261.32,259.32
1465,259.5,261.16,260.71
1464,262.76,264.79,264.77
1463,264.28,266.87,263.06
1462,264.05,265.42,264.29
1461,261.26,264.06,261.8
1460,263.18,263.67,260.79
1459,261.71,262.58,259.77
1458,258.52,260.88,259.84
1457,260.26,260.26,258.62
1456,257.3,258.6,255.01
1455,255.25,255.36,252.62
1454,254.33,257.3,254.44
1453,252.77,254.43,251.73
1452,251.66,254.32,250.44
1451,253.34,253.6,242.75
1450,242.74,243.36,242.53
1449,243.84,247.22,246.75
1448,245.97,246.42,243.75
1447,241.31,241.67,240.35
1446,240.58,240.62,237.68
1445,237.2,244.4,241.6
1444,242.25,248.35,247.07
1443,248.52,250.38,249.03
1442,251.25,253.59,253.44
1441,253.62,260.85,260.78
1440,262.91,267.97,266.49
1439,267.02,269.52,267.95
1438,270.77,275.62,273.57
1437,266.74,269.09,266.26
1436,264.35,268.26,263.9
1435,264.34,269.98,267.27
1434,268.77,272.27,269.4
1433,269.83,271.27,264.73
1432,299.05,300.43,299.11
1431,296.54,301.33,297.77
1430,298.37,302.64,301.58
1429,301.39,301.72,297.97
1428,297.31,304.33,303.8
1427,303.0,310.06,309.42
1426,306.99,313.02,309.8
1425,309.33,314.06,311.57
1424,308.9,310.79,303.91
1423,302.9,308.3,305.78
1422,302.42,307.79,302.15
1421,305.92,308.06,303.69
1420,303.3,299.71,297.37
1419,297.34,301.8,300.89
1418,297.55,299.72,289.05
1417,291.56,295.3,289.81
1416,281.77,284.78,273.28
1415,280.78,287.59,286.99
1414,280.97,282.34,274.78
1413,277.19,284.53,281.35
1412,285.03,285.54,282.17
1411,276.99,282.78,278.89
1410,276.49,276.5,269.77
1409,270.29,272.12,266.84
1408,262.0,262.71,252.69
1407,249.92,257.69,245.71
1406,252.25,253.75,249.33
1405,252.0,260.97,259.67
1404,259.92,265.26,261.91
1403,265.46,268.9,260.28
1402,260.26,265.49,263.69
1401,267.55,270.0,269.81
1400,269.36,271.77,270.62
1399,272.64,273.42,270.75
1398,270.64,272.19,266.52
1397,262.5,264.22,262.68
1396,255.66,261.64,261.35
1395,265.49,268.24,267.28
1394,267.17,269.82,267.75
1393,265.97,267.59,262.69
1392,259.24,266.26,265.33
1391,266.27,267.21,265.02
1390,266.56,268.74,266.3
1389,268.02,272.76,271.55
1388,272.67,273.69,273.61
1387,270.45,275.22,273.61
1386,274.98,279.54,273.59
1385,274.12,277.78,269.87
1384,263.39,264.65,260.59
1383,258.54,263.47,263.02
1382,263.89,266.73,266.21
1381,269.37,273.8,269.94
1380,271.02,272.28,264.68
1379,268.29,268.92,264.01
1378,260.37,262.26,257.78
1377,255.18,256.26,248.01
1376,245.26,251.97,251.2
1375,248.42,254.15,252.6
1374,254.0,257.87,257.61
1373,258.67,260.51,257.82
1372,262.85,269.0,268.85
1371,267.0,273.67,271.86
1370,274.34,277.89,274.52
1369,275.29,279.78,279.77
1368,300.03,300.1,296.14
1367,292.15,296.21,291.5
1366,290.39,296.58,295.55
1365,293.96,296.33,290.64
1364,291.24,294.74,292.13
1363,295.05,296.67,295.54
1362,293.65,300.28,298.51
1361,296.85,297.8,291.87
1360,295.07,295.39,293.45
1359,299.51,301.65,299.63
1358,297.56,301.45,300.37
1357,297.84,300.14,296.62
1356,290.34,293.05,289.61
1355,292.74,294.27,292.7
1354,293.79,299.05,299.05
1353,297.05,300.17,298.37
1352,296.96,304.69,304.47
1351,304.8,307.49,306.48
1350,302.43,305.0,300.78
1349,303.27,303.28,297.84
1348,300.95,306.35,304.48
1347,304.3,309.35,306.81
1346,306.71,309.35,308.59
1345,306.35,309.46,306.04
1344,305.33,306.45,300.74
1343,301.3,302.55,297.74
1342,294.17,294.54,290.76
1341,290.29,292.78,290.29
1340,287.96,290.42,285.34
1339,282.88,287.42,281.78
1338,289.97,294.7,294.39
1337,294.23,295.48,291.76
1336,299.27,300.05,299.99
1335,300.3,308.31,307.19
1334,308.83,312.31,310.49
1333,314.13,316.27,313.14
1332,311.81,314.62,312.2
1331,311.15,313.14,312.01
1330,310.83,314.04,308.33
1329,309.31,314.88,314.02
1328,311.25,313.4,313.01
1327,314.69,318.6,313.13
1326,311.24,312.47,309.34
1325,311.57,312.31,310.08
1324,312.47,314.97,313.29
1323,314.32,314.56,311.23
1322,314.31,316.24,315.5
1321,315.32,316.23,313.22
1320,314.29,316.18,315.16
1319,316.32,317.66,316.89
1318,316.34,322.57,320.45
1317,321.7,322.82,320.17
1316,321.07,321.82,321.52
1315,321.33,323.7,323.27
1314,326.8,334.41,333.04
1313,332.85,335.46,334.47
1312,331.4,332.32,329.83
1311,329.9,330.33,325.34
1310,323.57,323.82,311.54
1309,315.19,317.22,311.88
1308,312.06,315.01,313.29
1307,315.93,316.76,315.13
1306,313.44,313.79,312.81
1305,316.31,316.31,314.6
1304,313.63,317.32,316.77
1303,320.82,320.82,320.1
1302,295.56,295.8,293.29
1301,293.29,294.62,293.05
1300,293.45,294.13,290.76
1299,289.04,289.64,285.03
1298,286.28,287.53,284.33
1297,285.68,290.45,290.28
1296,289.31,290.29,289.13
1295,291.79,292.29,290.35
1294,292.76,293.04,290.71
1293,292.73,293.5,292.85
1292,295.63,298.83,298.46
1291,297.8,305.72,304.85
1290,303.88,305.0,303.69
1289,304.62,305.98,305.23
1288,306.32,307.56,306.04
1287,304.24,304.37,303.26
1286,305.56,307.23,306.41
1285,306.08,306.31,305.18
1284,306.77,306.77,303.08
1283,301.71,304.71,303.56
1282,302.79,304.12,302.62
1281,302.24,309.25,307.31
1280,306.29,308.7,304.27
1279,303.8,304.27,303.36
1278,303.98,306.13,305.25
1277,303.6,306.49,304.96
1276,305.3,310.19,309.5
1275,309.61,313.11,309.43
1274,311.44,313.16,311.51
1273,311.31,312.31,310.94
1272,310.53,311.56,307.43
1271,304.33,304.71,302.78
1270,304.83,305.9,303.7
1269,305.33,306.06,303.87
1268,304.28,306.26,300.43
1267,300.3,303.8,302.88
1266,304.68,309.23,309.2
1265,307.81,311.7,308.3
1264,308.61,312.06,310.88
1263,310.76,313.27,312.83
1262,311.87,318.95,317.31
1261,315.78,318.35,317.06
1260,317.62,324.02,320.31
1259,319.57,324.72,323.35
1258,323.62,324.57,321.62
1257,322.82,325.07,324.99
1256,323.84,327.08,323.83
1255,326.34,329.62,328.21
1254,327.05,328.62,324.53
1253,326.2,327.07,320.94
1252,320.71,324.07,323.78
1251,323.03,324.3,321.63
1250,319.54,319.82,317.89
1249,316.44,318.53,316.48
1248,314.55,317.98,315.74
1247,317.08,317.57,313.74
1246,317.3,318.32,318.3
1245,321.5,326.9,325.83
1244,324.1,324.82,312.61
1243,311.81,312.22,303.34
1242,304.58,309.15,305.09
1241,304.33,306.71,304.03
1240,303.15,308.44,299.95
1239,302.43,304.73,298.33
1238,296.75,299.52,299.1
1237,299.42,303.62,300.94
1236,302.3,305.98,305.16
1235,305.76,309.31,308.04
1234,307.82,308.68,307.8
1233,306.8,308.35,302.73
1232,302.2,306.11,302.52
1231,300.9,304.36,303.93
1230,305.11,307.72,305.82
1229,303.26,304.25,298.78
1228,297.8,305.59,304.08
1227,303.07,308.76,306.7
1226,303.71,308.5,304.88
1225,306.79,308.4,307.14
1224,305.48,307.58,302.92
1223,300.69,304.55,302.3
1222,302.98,307.81,305.86
1221,309.29,315.37,314.78
1220,317.23,319.24,311.84
1219,312.86,316.53,300.5
1218,300.56,308.16,307.36
1217,307.03,307.21,300.7
1216,301.13,305.1,305.03
1215,304.88,306.27,302.13
1214,300.8,301.17,296.06
1213,298.2,299.86,297.47
1212,294.37,296.25,294.41
1211,294.65,295.29,290.72
1210,286.18,286.61,285.78
1209,285.4,290.54,289.58
1208,288.01,289.35,285.49
1207,288.53,291.28,290.58
1206,294.09,294.24,289.4
1205,288.21,290.79,290.52
1204,292.4,292.95,284.53
1203,285.17,285.44,282.83
1202,281.14,283.78,280.83
1201,280.93,282.82,279.8
1200,280.45,282.54,282.54
1199,281.59,287.39,285.71
1198,287.08,292.43,291.06
1197,290.19,290.29,289.04
1196,290.21,290.21,282.89
1195,284.28,286.03,286.03
1194,283.95,284.33,280.63
1193,281.66,283.58,282.62
1192,284.13,287.28,284.94
1191,283.23,283.4,282.44
1190,287.77,290.36,290.33
1189,291.2,291.79,290.53
1188,290.3,294.5,294.21
1187,294.67,300.33,298.26
1186,296.52,297.06,293.28
1185,292.77,294.59,293.3
1184,295.39,296.51,291.14
1183,288.44,289.21,285.88
1182,283.84,286.25,285.53
1181,286.36,289.86,288.55
1180,288.47,289.88,287.75
1179,289.5,290.63,288.65
1178,288.78,292.14,290.67
1177,293.36,299.54,296.83
1176,304.68,306.78,305.72
1175,300.54,309.48,308.06
1174,307.81,309.27,304.09
1173,304.46,307.0,304.3
1172,307.81,308.74,306.99
1171,309.75,317.82,317.8
1170,318.34,321.62,316.47
1169,314.44,318.57,316.8
1168,318.97,320.07,316.66
1167,313.07,319.33,314.69
1166,320.32,322.18,320.99
1165,320.12,325.01,321.73
1164,321.22,322.45,320.59
1163,319.84,323.26,321.44
1162,322.58,323.51,321.5
1161,319.61,321.44,321.32
1160,324.03,330.41,330.34
1159,329.95,336.76,334.66
1158,335.48,337.46,334.1
1157,334.09,337.66,336.77
1156,337.4,338.96,338.91
1155,338.09,339.77,338.11
1154,336.89,339.34,335.09
1153,334.02,340.64,338.93
1152,337.47,340.58,338.74
1151,338.14,340.57,339.65
1150,331.83,336.34,334.94
1149,332.83,339.15,338.96
1148,339.02,344.84,344.35
1147,342.46,344.04,341.18
1146,342.34,344.63,342.89
1145,342.62,342.84,340.86
1144,340.34,343.59,340.7
1143,343.32,350.29,350.05
1142,350.35,356.48,353.43
1141,355.23,356.76,350.74
1140,349.33,350.68,346.44
1139,345.05,347.8,345.78
1138,346.89,354.85,353.37
1137,355.15,356.86,355.19
1136,354.41,356.8,355.34
1135,354.24,359.69,359.5
1134,359.11,364.64,364.11
1133,362.6,366.06,364.42
1132,366.47,367.83,367.36
1131,365.87,375.4,375.06
1130,376.9,382.83,374.95
1129,375.3,381.0,377.11
1128,380.35,381.8,378.63
1127,377.45,380.03,377.63
1126,379.9,382.88,381.27
1125,382.98,383.38,378.87
1124,378.24,382.34,381.63
1123,381.76,385.33,384.41
1122,385.74,387.58,384.21
1121,380.88,382.17,379.3
1120,380.22,381.04,372.42
1119,371.3,374.14,372.65
1118,376.83,379.63,376.12
1117,376.3,377.81,372.75
1116,371.34,372.29,370.86
1115,370.44,373.87,372.72
1114,372.35,378.55,378.12
1113,378.15,380.09,347.85
1112,353.14,353.7,341.24
1111,340.85,342.66,339.67
1110,336.34,344.01,340.52
1109,343.74,343.84,338.99
1108,340.34,341.34,339.22
1107,338.59,341.86,337.91
1106,340.27,340.84,340.49
1105,340.09,345.8,344.14
1104,347.74,348.12,344.3
1103,342.59,343.77,341.82
1102,343.08,343.59,341.2
1101,337.84,339.46,333.89
1100,335.44,336.08,326.47
1099,327.65,334.5,331.85
1098,332.21,335.23,333.28
1097,331.83,334.13,329.86
1096,330.66,331.42,326.6
1095,325.32,330.33,323.95
1094,323.32,326.83,323.91
1093,328.18,334.79,334.44
1092,335.09,339.34,335.32
1091,334.83,335.23,333.27
1090,335.32,335.33,334.32
1089,333.55,333.83,330.91
1088,330.42,337.84,335.69
1087,334.34,342.8,342.18
1086,344.23,347.3,346.29
1085,346.0,349.96,349.53
1084,351.47,353.3,347.97
1083,347.85,348.1,345.86
1082,346.42,347.6,344.25
1081,344.14,348.15,345.91
1080,347.85,348.79,342.45
1079,343.04,346.17,343.05
1078,345.34,351.31,348.79
1077,349.96,352.11,349.13
1076,358.32,358.6,351.7
1075,349.93,354.26,351.33
1074,353.1,369.51,360.75
1073,358.66,364.91,360.9
1072,360.72,361.86,360.42
1071,361.99,362.69,361.54
1070,357.34,359.77,358.17
1069,357.61,357.95,355.1
1068,354.39,356.8,354.79
1067,353.92,354.77,353.5
1066,351.2,353.81,350.36
1065,350.35,355.64,354.04
1064,360.07,363.86,361.99
1063,362.83,366.33,362.2
1062,365.03,371.11,369.35
1061,368.09,370.06,367.74
1060,368.14,368.52,367.02
1059,366.5,369.54,369.43
1058,371.79,372.87,371.11
1057,371.37,371.58,370.36
1056,368.87,371.47,361.99
1055,360.02,367.87,362.83
1054,361.56,362.53,357.95
1053,359.21,360.18,356.02
1052,355.54,356.74,352.61
1051,352.68,353.02,351.79
1050,368.36,374.87,371.12
1049,370.99,378.79,377.29
1048,375.76,379.62,377.21
1047,376.26,378.18,375.74
1046,373.75,378.85,377.22
1045,377.25,380.86,377.29
1044,375.63,379.19,378.22
1043,379.5,388.7,388.2
1042,384.23,385.62,379.89
1041,380.95,385.94,383.25
1040,379.91,386.87,385.47
1039,385.23,389.79,387.36
1038,390.46,393.73,393.08
1037,389.59,391.89,391.6
1036,391.27,394.34,390.74
1035,390.46,393.07,391.82
1034,390.25,394.76,394.3
1033,394.09,397.03,396.84
1032,398.39,403.9,403.83
1031,403.05,404.89,396.63
1030,399.4,403.13,398.16
1029,400.03,401.03,400.25
1028,401.55,404.61,395.78
1027,397.9,398.37,395.46
1026,397.8,402.78,400.29
1025,400.95,403.9,401.0
1024,399.3,403.97,403.5
1023,403.05,411.83,411.16
1022,414.88,420.5,419.72
1021,420.93,422.42,416.11
1020,417.45,418.73,416.71
1019,417.67,417.88,416.18
1018,416.26,420.27,417.83
1017,415.77,416.36,414.22
1016,414.36,415.76,413.07
1015,413.91,413.91,411.18
1014,409.66,410.56,407.56
1013,402.9,406.79,404.3
1012,406.03,410.03,406.07
1011,408.82,409.16,407.76
1010,406.05,408.87,406.04
1009,407.78,408.03,405.56
1008,406.61,410.02,405.22
1007,407.16,407.41,406.62
1006,403.74,403.9,401.73
1005,402.4,403.09,397.49
1004,397.9,401.53,401.0
1003,402.67,407.82,406.93
1002,407.14,407.51,403.5
1001,402.53,403.28,397.93
1000,393.42,393.89,391.92
999,389.76,390.16,387.81
998,388.14,392.27,389.21
997,391.85,396.57,395.49
996,396.84,396.95,395.59
995,396.39,396.45,395.42
994,393.37,398.9,391.36
993,393.69,398.4,397.08
992,393.77,395.82,391.67
991,393.07,393.29,383.34
990,384.96,402.12,400.33
989,400.7,402.38,400.46
988,400.9,408.16,404.35
987,404.46,409.41,407.13
986,408.53,408.64,404.95
985,404.2,404.27,401.11
984,402.03,411.76,409.94
983,409.91,414.23,412.7
982,412.04,412.77,410.63
981,410.46,417.69,415.22
980,418.9,423.82,423.28
979,424.55,431.36,431.21
978,431.94,432.37,429.04
977,428.93,437.38,437.25
976,435.86,440.27,436.18
975,438.09,440.71,440.56
974,439.88,441.68,439.2
973,439.19,444.79,443.99
972,448.2,458.65,458.4
971,459.96,460.45,452.39
970,455.46,457.2,455.04
969,452.95,460.76,454.72
968,454.46,456.29,453.94
967,451.73,455.11,445.15
966,438.94,445.42,441.84
965,438.07,439.85,437.1
964,442.19,446.52,441.08
963,438.29,439.43,434.59
962,435.39,439.89,435.82
961,434.49,438.94,436.04
960,432.2,437.42,434.25
959,434.36,435.73,429.98
958,431.69,435.16,430.28
957,432.58,433.6,432.75
956,435.65,440.44,440.3
955,441.49,445.95,445.56
954,442.43,443.94,440.34
953,443.17,443.44,436.43
952,434.92,440.27,438.94
951,440.49,442.79,437.96
950,440.05,445.16,443.57
949,444.77,450.95,450.76
948,451.14,455.88,450.79
947,447.44,450.95,442.81
946,444.61,445.38,440.91
945,436.38,438.6,435.33
944,439.07,440.28,433.53
943,437.31,439.44,437.26
942,439.84,442.79,438.97
941,437.89,441.36,440.62
940,443.67,446.49,444.38
939,445.55,445.95,441.6
938,440.39,445.03,443.66
937,445.45,448.15,447.19
936,450.06,453.59,453.0
935,455.96,456.93,453.07
934,452.18,456.02,453.45
933,456.96,460.87,460.58
932,460.46,461.96,461.96
931,462.61,464.46,462.81
930,464.03,464.45,460.26
929,460.96,463.89,459.73
928,459.95,460.46,455.8
927,443.75,451.93,448.75
926,451.45,456.79,455.81
925,455.81,456.96,452.35
924,454.08,455.61,451.9
923,447.38,448.87,444.29
922,443.94,445.44,443.12
921,442.89,447.86,441.58
920,443.17,448.25,445.91
919,446.94,448.7,444.32
918,447.95,452.73,452.56
917,452.17,453.95,453.74
916,453.15,453.22,452.95
915,452.8,455.31,448.73
914,447.97,449.67,445.77
913,448.19,448.37,446.78
912,445.73,448.21,445.65
911,443.89,443.94,443.2
910,443.86,444.69,441.07
909,439.62,440.56,435.34
908,432.65,432.89,430.26
907,431.07,431.65,428.88
906,429.28,436.44,433.26
905,434.61,436.49,433.14
904,435.76,438.89,435.1
903,436.79,437.81,437.29
902,439.35,439.44,435.54
901,435.43,437.89,433.63
900,430.24,432.3,425.5
899,425.55,428.13,424.7
898,424.96,430.62,428.14
897,428.31,429.45,423.87
896,427.61,433.53,430.62
895,430.6,437.19,436.25
894,437.19,440.38,440.22
893,441.66,442.33,440.23
892,442.31,445.32,444.47
891,445.46,446.45,444.78
890,444.71,448.93,448.54
889,449.15,449.4,446.98
888,447.7,448.29,444.98
887,448.55,448.95,444.32
886,444.15,444.64,443.5
885,443.62,452.44,452.11
884,453.45,453.45,449.64
883,449.64,452.52,452.01
882,448.52,451.25,443.69
881,443.69,445.5,443.86
880,443.72,443.72,439.05
879,439.59,441.82,439.52
878,437.85,439.2,438.63
877,434.97,440.86,438.39
876,440.56,444.28,443.95
875,441.81,445.12,444.44
874,444.44,447.5,438.48
873,437.94,439.19,436.61
872,434.16,437.43,433.3
871,433.09,433.42,427.26
870,428.57,431.76,428.36
869,432.35,434.85,434.55
868,433.45,437.18,436.43
867,433.76,438.56,438.49
866,438.32,443.26,441.45
865,443.38,449.61,449.46
864,446.94,448.9,444.84
863,488.78,508.24,506.21
862,506.24,510.01,502.15
861,503.0,507.01,504.0
860,501.0,517.89,516.22
859,516.45,520.81,513.29
858,514.92,514.92,508.11
857,508.11,512.23,508.01
856,510.06,518.99,518.64
855,519.23,519.27,515.73
854,514.98,521.28,515.81
853,516.41,518.52,514.03
852,516.27,516.7,513.57
851,510.69,516.34,511.27
850,513.31,514.01,511.89
849,511.82,512.48,504.48
848,504.88,509.76,508.52
847,505.26,508.47,505.8
846,504.35,509.29,506.4
845,503.88,516.94,516.75
844,517.48,520.39,518.13
843,517.95,519.52,517.3
842,518.39,524.89,516.29
841,516.38,517.89,513.12
840,515.49,517.2,511.67
839,514.01,519.67,517.55
838,517.23,518.6,516.46
837,519.1,527.12,523.49
836,524.82,531.28,529.73
835,531.55,534.53,532.09
834,531.61,533.84,530.32
833,532.29,533.71,527.77
832,526.0,532.25,527.16
831,526.21,532.52,529.62
830,529.13,530.36,529.2
829,535.43,535.53,535.47
828,535.58,541.7,539.61
827,538.36,546.7,542.87
826,544.24,546.21,539.18
825,540.32,542.01,535.51
824,538.14,538.68,530.92
823,532.04,537.88,537.03
822,537.59,540.92,535.46
821,536.53,543.02,542.92
820,541.27,546.54,543.65
819,545.19,551.14,550.86
818,554.47,558.46,558.11
817,558.04,558.18,556.48
816,557.56,560.06,559.29
815,560.56,560.7,559.76
814,560.73,560.81,555.28
813,556.68,561.06,560.92
812,558.29,559.43,557.12
811,558.06,559.02,553.05
810,557.06,559.99,559.22
809,563.06,570.41,570.0
808,573.57,574.23,571.19
807,572.29,572.68,565.69
806,570.11,570.11,565.66
805,563.8,574.03,562.05
804,569.54,576.08,575.27
803,577.07,578.08,574.88
802,575.12,579.54,578.69
801,579.0,580.9,575.84
800,581.05,582.58,582.43
799,583.89,584.53,583.09
798,580.58,581.83,580.63
797,576.08,577.35,562.48
796,563.61,563.81,551.17
795,555.72,563.44,562.07
794,560.12,561.44,554.01
793,573.07,576.82,568.26
792,586.26,593.86,591.08
791,590.19,591.45,567.28
790,569.56,578.08,569.65
789,572.26,575.96,572.17
788,576.14,580.66,580.56
787,584.4,589.54,589.31
786,586.49,591.79,587.05
785,590.68,596.53,595.69
784,595.09,595.59,593.94
783,590.97,600.55,600.55
782,598.4,602.8,602.0
781,601.31,607.04,606.05
780,603.25,605.22,601.77
779,602.17,604.05,602.66
778,604.51,605.54,602.5
777,603.28,610.69,606.86
776,608.58,612.86,610.61
775,612.61,615.05,610.7
774,609.8,612.73,610.22
773,610.78,612.71,608.43
772,603.98,604.52,601.95
771,608.11,608.61,608.06
770,608.13,612.15,609.74
769,611.75,613.69,610.42
768,614.01,614.11,608.0
767,608.45,609.43,606.39
766,607.49,607.77,600.6
765,598.8,604.53,604.25
764,604.58,605.86,595.12
763,591.59,596.03,586.99
762,590.21,599.13,596.65
761,597.93,606.37,606.24
760,606.51,606.6,600.22
759,600.58,605.41,599.18
758,603.76,605.42,592.11
757,592.69,593.04,579.54
756,583.58,585.5,579.94
755,581.59,586.37,566.55
754,565.99,566.54,557.7
753,560.06,567.16,560.64
752,565.77,568.07,557.81
751,560.7,569.32,568.01
750,571.52,572.97,568.12
749,573.39,588.3,571.5
748,578.55,579.72,545.25
747,544.79,549.85,540.63
746,545.05,559.88,557.51
745,565.84,567.8,567.04
744,568.0,568.21,546.69
743,537.94,547.59,537.76
742,543.66,553.02,545.2
741,551.0,552.89,548.7
740,557.7,564.0,563.9
739,556.32,557.0,543.34
738,544.0,544.0,539.37
737,536.0,548.0,545.5
736,543.67,544.8,537.51
735,541.69,542.5,534.44
734,532.26,533.86,523.1
733,525.8,525.9,522.98
732,523.89,537.76,536.33
731,535.12,536.34,534.88
730,534.25,539.91,538.53
729,541.44,542.4,533.87
728,530.24,535.72,535.33
727,533.41,534.55,522.57
726,523.25,524.43,518.0
725,515.72,527.35,520.17
724,518.65,527.35,526.62
723,531.84,538.75,538.43
722,539.58,543.99,541.54
721,541.82,541.82,534.41
720,533.14,534.0,529.12
719,529.6,530.84,528.3
718,528.88,539.35,538.83
717,540.0,546.35,540.39
716,542.9,549.75,549.7
715,552.2,557.96,555.45
714,558.13,565.0,563.8
713,567.78,574.87,574.87
712,574.57,577.66,570.45
711,573.39,573.48,570.56
710,571.64,572.58,571.65
709,569.75,570.41,564.34
708,560.9,562.4,554.51
707,551.52,558.58,553.76
706,557.11,565.0,564.93
705,568.16,568.8,566.03
704,566.75,572.0,570.73
703,568.78,572.0,568.3
702,565.92,568.97,567.5
701,567.0,567.0,559.5
700,560.08,560.65,560.35
699,557.25,557.99,552.3
698,552.36,553.74,550.62
697,552.8,561.4,560.66
696,561.15,565.0,564.99
695,566.45,566.77,566.52
694,564.35,574.44,574.29
693,574.22,582.25,572.54
692,573.55,587.3,585.93
691,589.3,589.6,584.77
690,585.45,587.88,585.69
689,586.76,587.71,584.67
688,587.65,593.66,591.49
687,592.26,594.15,590.78
686,591.7,594.25,593.08
685,593.51,595.64,590.76
684,586.36,587.97,578.4
683,578.95,584.1,583.36
682,573.0,585.25,580.04
681,581.0,588.23,586.65
680,590.6,594.86,594.26
679,595.15,595.3,593.06
678,596.89,597.0,590.62
677,588.97,589.5,580.82
676,603.01,606.7,605.11
675,601.35,604.16,598.44
674,599.7,608.89,603.57
673,602.05,607.05,605.19
672,605.53,608.91,603.01
671,599.25,601.0,598.08
670,597.75,601.1,599.02
669,597.7,598.49,593.95
668,595.81,598.45,595.44
667,588.96,591.99,579.55
666,578.56,583.43,573.6
665,576.51,583.82,582.27
664,579.38,580.2,573.14
663,569.5,578.64,574.49
662,576.05,578.31,571.81
661,572.02,579.56,577.94
660,579.0,579.69,577.25
659,575.0,575.9,572.12
658,576.45,586.12,584.56
657,586.69,587.8,584.65
656,587.5,589.47,583.71
655,587.1,595.05,592.7
654,595.59,597.81,597.11
653,596.95,596.99,595.41
652,594.9,595.25,592.42
651,593.27,594.99,592.54
650,594.77,595.58,590.57
649,592.0,592.05,588.12
648,587.81,589.37,583.0
647,580.02,584.71,580.32
646,582.35,582.9,582.36
645,582.95,589.3,588.63
644,591.73,594.49,589.52
643,592.13,598.0,593.14
642,595.13,598.5,597.78
641,599.14,603.52,601.63
640,600.27,600.6,591.97
639,591.74,593.72,593.42
638,590.0,591.94,591.11
637,590.39,591.48,584.9
636,582.24,583.92,581.64
635,580.95,590.15,588.78
634,589.51,596.07,593.29
633,595.05,597.56,597.27
632,599.49,605.4,605.4
631,602.5,603.8,597.27
630,595.0,596.65,591.18
629,591.57,600.11,598.42
628,596.99,598.07,585.25
627,585.93,589.57,587.9
626,581.83,589.31,587.81
625,587.49,591.0,588.41
624,586.8,588.72,579.63
623,578.0,583.24,580.88
622,584.1,588.29,586.25
621,589.95,592.4,587.78
620,584.9,585.85,574.1
619,574.79,584.69,583.74
618,581.61,582.53,570.81
617,567.47,575.23,555.19
616,555.13,560.88,544.75
615,550.14,558.63,548.69
614,542.08,543.92,540.73
613,527.0,540.99,536.92
612,540.45,543.45,522.97
611,520.45,533.16,532.38
610,537.27,538.77,538.03
609,541.05,550.76,542.69
608,548.28,557.4,553.65
607,554.98,555.0,548.9
606,547.76,554.0,549.88
605,551.71,559.2,558.94
604,560.85,564.97,558.45
603,558.25,562.5,560.27
602,568.3,568.73,567.87
601,563.53,567.15,563.77
600,561.16,564.79,564.19
599,566.79,566.9,555.95
598,555.5,556.8,551.69
597,555.6,555.6,551.82
596,552.4,560.63,558.23
595,558.52,562.5,561.29
594,561.15,561.25,558.25
593,560.81,560.82,556.44
592,558.0,558.0,555.19
591,555.19,555.19,546.64
590,547.93,552.79,544.51
589,544.75,548.22,547.2
588,542.09,545.38,543.76
587,551.04,551.04,545.89
586,546.57,551.19,547.48
585,547.21,552.5,549.23
584,549.23,549.88,547.73
583,547.0,549.6,549.08
582,545.09,548.79,539.65
581,539.45,541.85,538.59
580,537.5,541.4,536.97
579,537.64,542.69,542.58
578,536.7,538.2,528.08
577,529.22,533.82,530.73
576,525.88,536.65,536.11
575,535.9,539.36,528.04
574,530.01,537.04,532.11
573,527.44,532.24,521.51
572,523.76,525.37,515.84
571,513.6,515.58,498.16
570,499.86,509.07,506.45
569,515.99,516.25,514.62
568,516.99,520.81,520.04
567,520.61,532.97,532.3
566,534.51,542.3,538.77
565,538.82,540.29,536.93
564,536.93,543.25,541.52
563,540.5,543.93,537.31
562,534.96,537.84,535.28
561,537.74,538.4,530.66
560,532.6,535.8,529.55
559,527.15,527.99,519.46
558,520.5,521.21,506.64
557,510.95,511.49,505.15
556,501.51,507.5,506.91
555,508.18,508.6,500.72
554,499.24,500.28,497.06
553,502.57,508.6,501.8
552,500.42,508.26,505.93
551,508.89,509.75,504.01
550,503.15,510.85,510.46
549,512.77,515.61,509.94
548,510.84,521.85,520.39
547,523.0,538.84,537.3
546,538.03,545.41,541.95
545,541.5,541.5,536.72
544,531.4,532.78,521.19
543,525.0,525.69,512.43
542,512.9,515.19,513.23
541,519.0,543.1,537.55
540,534.32,536.5,532.2
539,529.94,537.45,533.3
538,533.14,536.75,526.1
537,527.93,530.69,529.83
536,531.01,540.22,533.88
535,531.06,533.88,529.28
534,532.15,541.0,540.16
533,539.73,541.95,538.0
532,539.66,548.34,546.01
531,547.51,552.54,551.16
530,551.16,553.0,545.01
529,543.82,547.55,542.65
528,542.47,546.86,546.45
527,547.58,547.58,541.8
526,539.0,539.3,535.0
525,531.55,539.4,538.65
524,538.44,549.57,547.33
523,545.74,560.13,559.29
522,558.15,569.42,562.63
521,567.0,575.99,575.02
520,576.35,580.85,578.8
519,576.97,581.63,578.33
518,579.62,583.2,581.44
517,582.0,582.78,572.9
516,570.92,575.45,574.1
515,568.48,569.76,559.85
514,559.8,564.18,555.69
513,558.48,561.84,561.17
512,559.23,564.36,553.0
511,556.93,563.75,561.64
510,558.29,560.64,557.61
509,557.73,566.51,566.16
508,564.52,566.96,563.67
507,566.71,567.1,564.95
506,566.0,569.64,565.37
505,568.54,581.88,577.54
504,577.57,580.07,567.0
503,564.65,567.19,563.64
502,561.83,564.07,557.55
501,560.25,562.16,561.14
500,557.94,562.45,554.7
499,554.83,558.5,549.49
498,547.41,548.0,541.31
497,538.84,545.54,543.95
496,544.99,550.16,544.86
495,546.0,551.5,548.84
494,549.21,549.37,548.02
493,549.57,549.85,548.54
492,547.05,553.27,548.64
491,546.57,546.57,539.78
490,537.96,543.19,541.04
489,538.35,545.23,543.52
488,537.31,539.8,532.74
487,533.75,545.8,544.53
486,546.31,547.77,542.92
485,543.06,551.0,549.18
484,550.41,561.17,557.46
483,580.05,584.7,573.66
482,572.77,575.52,566.12
481,564.32,567.83,564.37
480,560.51,565.84,561.39
479,558.56,561.11,548.77
478,550.51,551.22,551.16
477,550.99,556.69,552.84
476,550.16,552.61,543.04
475,542.64,543.93,535.08
474,535.9,545.2,542.04
473,548.87,552.8,548.95
472,548.49,553.37,545.78
471,542.81,542.96,538.73
470,540.47,543.84,539.49
469,543.97,549.69,549.2
468,550.39,550.6,546.49
467,543.82,548.34,546.67
466,548.0,553.4,549.28
465,550.92,556.06,552.51
464,550.2,557.61,556.81
463,554.46,558.24,554.52
462,552.58,553.33,547.19
461,548.68,555.29,554.25
460,553.79,555.76,554.18
459,553.2,553.94,545.32
458,548.73,550.57,549.21
457,547.43,558.79,553.95
456,555.1,557.99,555.29
455,552.18,555.96,551.69
454,552.0,553.33,549.53
453,549.61,549.87,543.48
452,543.42,544.84,542.16
451,545.7,554.78,552.6
450,554.49,554.83,550.04
449,547.15,548.85,547.47
448,542.73,544.05,543.0
447,544.48,546.69,544.87
446,545.42,548.36,546.6
445,548.0,557.25,556.18
444,556.52,557.91,557.52
443,559.41,565.61,559.68
442,559.79,564.9,563.39
441,562.48,562.64,558.57
440,560.3,563.14,557.95
439,559.71,560.0,553.06
438,546.75,550.9,541.25
437,545.09,545.9,540.04
436,543.66,545.81,543.3
435,544.74,548.0,547.34
434,542.25,548.58,545.62
433,547.43,551.0,550.03
432,545.6,548.28,541.7
431,548.65,548.88,544.65
430,553.71,559.29,556.11
429,559.51,572.85,571.73
428,574.5,589.71,584.18
427,583.74,588.69,583.96
426,589.5,604.5,601.78
425,680.0,703.0,699.62
424,688.98,697.8,692.84
423,684.88,705.6,695.35
422,694.02,713.33,695.1
421,691.85,696.07,674.73
420,676.77,677.79,654.77
419,651.57,667.07,658.27
418,661.76,664.1,659.66
417,662.26,663.33,661.43
416,657.44,668.05,664.56
415,664.7,665.0,657.5
414,657.66,666.67,664.72
413,664.34,668.0,661.28
412,665.75,679.91,673.29
411,673.99,674.75,670.15
410,667.78,668.8,664.39
409,667.09,671.62,663.14
408,699.58,704.0,690.3
407,694.49,696.0,691.47
406,689.2,694.03,686.51
405,684.04,692.26,689.37
404,688.04,694.74,694.11
403,691.07,695.76,688.73
402,690.11,700.2,694.04
401,689.1,696.16,679.48
400,671.04,672.89,644.03
399,600.6,644.33,618.11
398,646.47,647.0,612.47
397,643.1,662.48,659.74
396,671.99,673.98,667.96
395,665.76,667.0,659.69
394,654.34,664.41,647.82
393,633.81,644.44,629.56
392,638.0,645.06,644.91
391,647.93,651.25,637.05
390,629.7,634.5,628.96
389,641.0,645.04,643.88
388,651.88,657.36,643.41
387,643.9,654.9,651.08
386,650.21,655.31,655.3
385,655.63,655.92,652.47
384,656.71,668.85,665.07
383,665.55,668.07,665.52
382,667.49,681.99,671.67
381,665.06,669.84,660.92
380,665.51,669.0,666.98
379,657.47,658.82,653.2
378,652.9,660.28,653.29
377,648.97,656.77,654.91
376,658.58,658.58,640.15
375,639.05,642.85,624.25
374,625.5,634.68,622.61
373,631.83,639.31,638.37
372,637.94,643.84,642.0
371,638.01,658.26,656.99
370,661.6,673.03,671.68
369,669.35,678.8,671.64
368,677.4,678.74,670.0
367,669.45,671.89,667.0
366,667.49,674.08,671.24
365,669.19,677.98,676.43
364,674.26,688.46,683.17
363,683.73,690.04,680.41
362,685.25,694.16,693.02
361,695.4,696.22,695.32
360,694.0,700.24,699.95
359,697.89,698.0,680.0
358,683.21,684.9,671.8
357,675.44,688.05,681.14
356,750.06,752.5,719.33
355,720.02,734.95,731.12
354,726.57,735.96,732.82
353,733.0,737.37,736.92
352,736.63,746.79,744.85
351,745.56,746.31,737.39
350,734.53,748.18,747.74
349,745.43,751.7,748.82
348,749.9,759.9,755.31
347,758.81,766.35,760.67
346,759.39,763.02,761.6
345,758.52,763.3,754.77
344,753.48,760.6,758.26
343,762.38,769.08,765.25
342,760.18,765.8,756.53
341,754.04,755.33,740.07
340,740.21,751.71,750.42
339,752.47,754.95,745.98
338,749.57,761.1,760.01
337,759.78,763.23,759.94
336,769.3,779.32,777.0
335,777.47,782.9,776.7
334,772.96,775.99,769.63
333,771.69,773.0,769.26
332,769.16,774.0,771.97
331,771.87,775.03,762.85
330,766.94,785.0,783.79
329,785.25,793.05,777.85
328,780.56,784.48,768.2
327,769.71,782.42,779.21
326,780.06,781.0,772.99
325,764.5,778.65,775.14
324,771.1,776.09,762.55
323,763.59,766.07,760.04
322,749.0,757.44,750.42
321,751.26,764.15,762.54
320,767.79,774.75,760.09
319,766.57,781.5,776.59
318,781.16,781.59,769.83
317,767.23,774.14,756.85
316,763.05,766.35,760.8
315,764.27,770.34,767.13
314,770.69,771.9,768.51
313,768.52,769.2,765.84
312,770.0,782.82,782.24
311,786.99,798.69,793.96
310,793.96,796.46,790.3
309,787.82,788.33,778.01
308,762.2,762.2,759.44
307,764.1,769.2,761.53
306,750.37,765.73,759.33
305,746.49,755.31,741.0
304,747.8,750.12,730.91
303,731.95,735.08,733.07
302,740.75,748.34,745.34
301,749.34,753.0,719.57
300,724.44,739.89,731.39
299,709.99,724.16,710.49
298,720.15,725.35,719.08
297,705.9,726.95,718.56
296,720.17,737.67,726.67
295,742.0,748.56,745.46
294,743.84,752.46,733.62
293,735.21,739.46,733.79
292,735.89,735.89,717.58
291,738.19,751.16,748.3
290,748.96,765.1,761.35
289,771.26,777.59,770.77
288,800.5,810.35,780.91
287,786.28,791.43,749.38
286,744.59,745.24,730.03
285,725.5,726.72,703.76
284,687.68,704.52,704.16
283,692.95,720.96,701.02
282,711.79,723.22,706.85
281,696.34,712.32,706.36
280,712.21,716.0,706.89
279,718.65,722.88,717.64
278,727.0,733.76,731.97
277,733.96,736.0,717.51
276,715.9,724.03,722.11
275,729.51,734.84,729.05
274,726.1,730.9,717.29
273,710.61,721.22,720.9
272,722.93,729.51,729.12
271,733.6,736.16,724.86
270,721.0,730.6,717.22
269,721.3,742.33,742.17
268,742.87,743.12,739.48
267,739.48,741.0,731.59
266,734.8,735.0,730.22
265,725.15,727.21,712.8
264,708.39,722.25,713.53
263,715.16,726.24,725.41
262,727.79,736.54,732.17
261,739.95,744.9,744.87
260,744.97,754.26,750.24
259,746.02,753.01,750.57
258,749.05,759.0,757.36
257,757.65,765.34,758.48
256,761.63,762.14,755.41
255,753.91,763.34,762.16
254,758.44,765.0,760.05
253,763.35,765.39,757.56
252,751.2,757.56,754.84
251,756.17,758.3,753.28
250,753.68,767.18,765.89
249,768.21,777.31,768.34
248,768.34,769.08,762.9
247,757.16,770.04,769.67
246,769.51,772.44,765.12
245,758.13,762.87,758.57
244,757.84,768.42,768.07
243,765.32,769.36,760.12
242,765.87,767.13,759.47
241,765.45,767.22,757.54
240,758.43,764.92,764.32
239,770.31,775.75,771.91
238,775.36,779.61,775.39
237,775.5,780.93,780.0
236,780.19,788.55,787.68
235,790.5,790.95,776.25
234,779.16,779.66,774.92
233,777.31,781.68,780.0
232,743.91,753.92,737.77
231,735.35,744.88,742.21
230,744.42,745.59,725.37
229,725.32,727.15,721.46
228,723.29,729.26,705.06
227,704.12,712.11,707.88
226,711.92,715.41,714.41
225,712.5,713.37,708.44
224,706.77,715.05,711.37
223,715.0,717.55,714.71
222,712.2,725.99,725.18
221,726.7,734.29,729.13
220,734.96,740.0,739.38
219,740.52,740.8,730.55
218,732.0,735.37,728.07
217,726.62,731.29,724.83
216,724.32,732.68,730.3
215,731.06,735.85,720.19
214,718.5,725.57,721.78
213,718.3,720.5,715.31
212,716.46,727.7,721.71
211,719.98,723.5,717.25
210,719.85,734.2,733.03
209,735.0,739.89,738.1
208,736.0,741.1,736.93
207,737.51,747.91,747.6
206,748.76,753.48,748.85
205,748.47,751.37,748.46
204,746.1,747.3,744.27
203,741.49,741.49,735.86
202,738.5,738.5,730.06
201,733.27,736.71,731.09
200,739.5,743.81,742.93
199,737.07,743.93,742.52
198,735.95,739.64,733.19
197,729.82,739.0,731.88
196,729.31,736.0,733.25
195,734.92,737.15,732.19
194,727.96,730.39,724.25
193,721.39,721.39,704.25
192,710.31,715.87,706.13
191,710.05,715.38,708.88
190,714.05,714.21,710.47
189,710.55,714.88,714.87
188,690.17,705.0,685.2
187,682.49,683.32,681.14
186,691.37,692.74,691.26
185,694.26,699.5,695.19
184,697.65,703.77,703.53
183,705.1,712.53,710.25
182,705.01,708.12,704.89
181,699.84,713.0,708.97
180,710.11,710.17,707.26
179,710.56,717.9,717.78
178,719.42,728.93,727.2
177,731.92,735.6,732.51
176,735.52,735.52,729.48
175,733.94,736.14,735.8
174,741.0,741.0,735.63
173,737.91,755.14,753.2
172,749.87,756.59,753.41
171,754.05,760.64,757.08
170,757.0,758.15,754.41
169,757.32,759.45,759.28
168,757.68,759.82,757.52
167,757.52,759.26,757.65
166,758.97,764.45,761.97
165,768.84,768.97,765.84
164,797.71,803.94,791.34
163,786.67,807.49,800.94
162,797.33,802.32,800.12
161,796.47,799.54,798.92
160,798.24,800.2,797.25
159,800.11,807.22,806.93
158,806.0,807.6,805.23
157,804.49,813.33,807.48
156,807.05,810.88,808.49
155,810.47,813.88,808.2
154,805.09,807.19,807.05
153,807.21,811.36,805.96
152,803.5,804.26,801.19
151,800.0,805.63,805.42
150,805.36,808.0,802.75
149,799.79,801.23,799.65
148,798.51,799.3,796.95
147,800.48,801.0,796.59
146,796.86,798.46,793.6
145,792.0,794.72,791.3
144,792.49,799.4,793.22
143,793.05,798.52,795.82
142,792.88,798.0,791.92
141,789.6,791.57,789.85
140,791.98,792.89,791.4
139,795.27,797.1,796.87
138,798.39,810.89,808.02
137,807.93,810.6,807.99
136,805.22,808.42,802.84
135,798.77,801.75,788.48
134,784.52,800.17,798.82
133,794.01,795.79,788.72
132,787.53,796.33,790.46
131,790.01,803.64,801.23
130,799.02,799.02,797.97
129,801.11,803.99,795.39
128,800.0,802.75,799.78
127,801.26,805.91,805.03
126,810.0,819.06,815.95
125,815.14,817.0,814.96
124,809.82,810.08,802.65
123,801.83,813.49,810.73
122,804.08,810.25,810.06
121,807.23,813.91,802.64
120,803.6,808.09,804.06
119,802.55,803.54,800.38
118,805.0,806.5,802.79
117,806.0,808.5,801.23
116,804.08,806.94,803.08
115,805.93,805.94,800.71
114,803.93,817.38,814.17
113,814.17,819.86,809.57
112,811.96,814.5,811.77
111,806.07,806.56,804.08
110,807.45,810.09,804.6
109,805.99,813.49,806.84
108,814.21,828.81,821.49
107,824.52,829.81,827.09
106,827.56,828.46,821.63
105,820.0,824.29,824.06
104,830.09,837.94,835.74
103,838.5,838.5,828.55
102,827.12,827.71,822.1
101,823.01,826.58,817.35
100,829.94,839.0,819.56
99,822.43,822.63,809.9
98,810.87,813.96,805.48
97,806.76,806.76,788.42
96,784.5,790.0,782.19
95,771.3,788.48,781.1
94,794.95,805.0,802.03
93,802.03,816.04,811.98
92,801.83,811.71,805.59
91,810.0,810.06,780.29
90,776.81,777.29,771.75
89,771.76,771.78,753.22
88,765.47,780.24,775.16
87,770.42,783.5,779.98
86,782.5,788.9,786.16
85,787.17,791.29,775.97
84,778.1,786.55,784.8
83,788.99,793.77,785.0
82,789.52,789.52,779.0
81,782.61,782.9,780.23
80,778.35,799.74,785.79
79,788.38,796.44,789.44
78,789.1,791.51,775.88
77,778.55,778.6,764.33
76,761.9,770.5,764.46
75,770.0,780.0,778.22
74,780.19,785.28,776.18
73,779.95,792.0,791.47
72,792.95,799.0,795.17
71,799.3,809.95,809.45
70,804.82,811.35,807.9
69,812.39,824.3,815.34
68,815.92,824.26,817.89
67,817.36,823.0,815.65
66,818.31,819.2,809.84
65,809.28,816.22,812.5
64,813.37,816.49,815.2
63,815.72,815.72,812.2
62,809.1,811.07,809.68
61,808.01,810.97,807.8
60,808.68,816.0,809.93
59,813.33,813.33,804.57
58,802.33,805.75,802.88
57,803.21,803.28,792.45
56,800.62,811.44,808.01
55,809.89,813.43,807.77
54,807.5,813.74,813.02
53,814.99,828.96,825.21
52,826.37,830.43,827.18
51,827.07,829.41,826.01
50,826.62,829.9,829.86
49,828.38,830.38,829.53
48,831.0,834.65,830.94
47,830.0,830.18,827.46
46,829.8,829.81,829.02
45,829.0,833.0,824.37
44,829.09,829.24,828.17
43,831.61,845.54,844.43
42,846.98,851.52,849.53
41,853.55,858.79,858.45
40,859.05,861.0,856.98
39,859.0,867.0,845.03
38,837.06,837.23,823.83
37,819.5,823.07,820.19
36,824.0,824.0,815.24
35,815.0,824.56,818.26
34,823.13,826.13,820.13
33,820.92,822.39,821.62
32,825.5,831.92,829.23
31,830.53,834.25,829.88
30,831.73,831.98,830.06
29,832.95,837.15,834.85
28,837.7,841.74,838.96
27,839.77,842.0,840.03
26,838.81,841.77,837.32
25,838.5,842.69,842.17
24,841.31,846.94,846.55
23,847.99,852.2,849.27
22,848.0,853.79,851.36
21,851.08,852.62,851.0
20,847.65,848.36,847.81
19,844.95,850.67,849.67
18,847.35,848.83,844.93
17,851.38,858.0,856.75
16,856.31,856.49,849.85
15,848.94,850.82,849.08
14,846.86,848.94,847.27
13,847.26,853.33,851.15
12,853.12,856.93,853.64
11,853.69,860.71,857.84
10,862.7,864.23,861.4
9,860.83,867.13,864.58
8,863.75,867.58,865.91
7,867.94,869.88,868.39
6,870.53,872.71,870.0
5,873.68,874.42,872.37
4,869.48,870.34,867.91
3,870.06,873.47,850.14
2,849.48,855.35,849.8
1,841.39,841.69,839.65
0,842.0,844.0,835.14
